OBJECTID_12,OBJECTID_1,OBJECTID,GIS_STREET,ON_STREET,FROM_STREE,TO_STREET,ST_CODE,SEG_ID,ONEWAY,CLASS,RESPONSIBL,L_HUNDRED,R_HUNDRED,BLOCKNUMBE,PRIMARYROA,Shape__Length
1,,1293,,CHERRY ST,N 23RD ST,DEAD END WEST,22740,422197,B,5,CITY,2300,,43,Granite Block,315.922094215338
2,,1295,,LATIMER ST,S 21ST ST,DEAD END,49280,422968,B,5,CITY,2000,,106,Granite Block,403.70132822223
3,,1303,,CARLTON ST,N 15TH ST,DEAD END EAST,21440,422005,B,5,CITY,1400,,34,Red Brick,215.926689242892
4,,1347,,CUTHBERT ST,N 22ND ST,N 23RD ST,26520,422911,B,5,CITY,2200,,56,Granite Block,329.964668711315
5,,1356,,ST JAMES ST,S 22ND ST,DEAD END EAST,74100,422970,B,12,PRIVATE,2100,,174,Blue Stone Slab,217.391852877224
6,,1357,,CHANCELLOR ST,S 21ST ST,S 22ND ST,22300,422972,B,5,CITY,2100,,40.01,Granite Block,165.871022816486
7,,1417,,WAVERLY ST,S CARLISLE ST,S 15TH ST,81860,320677,B,5,CITY,1400,,205,Blue Glazed Brick,198.765447287506
8,,1426,,DELANCEY ST,S 16TH ST,DEAD END,27980,323004,B,5,CITY,1500,,64,Blue Glazed Brick,188.404769791113
9,,1431,,S CHADWICK ST,CYPRESS ST,PINE ST,22180,320710,B,5,CITY,300,,37,Granite Block,357.589816886496
10,,1555,,PANAMA ST,S 24TH ST,S 25TH ST,62880,320804,FT,5,CITY,2400,,149,Granite Block,315.564420251544
11,,1556,,PANAMA ST,S 25TH ST,S 26TH ST,62880,320806,FT,5,CITY,2500,,150,Granite Block,327.189026632548
12,,2045,,S WOODSTOCK ST,WHARTON ST,REED ST,84600,322214,TF,5,CITY,1300,,324,Granite Block,448.679441998302
13,,4572,,MONTGOMERY AVE,N 29TH ST,W SEDGLEY AVE,56760,521069,B,4,CITY,3000,,131.01,Red Brick,178.608500082384
14,,5299,,N 18TH ST,W GLENWOOD AVE,W LEHIGH AVE,88130,520839,B,4,CITY,2600,,301,Granite Block,223.946212568125
15,,6371,,E ERIE AVE,D ST,KENSINGTON AVE,31980,641501,B,3,STATE,800,,70.02,Red Brick,1168.09681215679
16,,6372,,E ERIE AVE,D ST,KENSINGTON AVE,31980,641495,B,3,STATE,1000,,70.05,Red Brick,192.428534329313
17,,6373,,E ERIE AVE,D ST,KENSINGTON AVE,31980,641489,B,3,STATE,1100,,70.06,Red Brick,193.695316071656
18,,6374,,E ERIE AVE,D ST,KENSINGTON AVE,31980,641485,B,3,STATE,1100,,70.07,Red Brick,178.082122113213
19,,6375,,E ERIE AVE,D ST,KENSINGTON AVE,31980,641483,B,3,STATE,1100,,70.08,Red Brick,193.245168721746
20,,6383,,E ERIE AVE,D ST,KENSINGTON AVE,31980,641497,B,3,STATE,1000,,70.04,Red Brick,165.739854402697
21,,6384,,E ERIE AVE,D ST,KENSINGTON AVE,31980,641499,B,3,STATE,1000,,70.03,Red Brick,208.43201062613
22,,6591,,E ERIE AVE,D ST,KENSINGTON AVE,31980,641481,B,3,STATE,1200,,70.09,Red Brick,579.551003074998
23,,6594,,E ERIE AVE,D ST,KENSINGTON AVE,31980,641461,B,3,STATE,1400,,70.13,Red Brick,565.087246598291
24,,6599,,E ERIE AVE,D ST,KENSINGTON AVE,31980,641477,B,3,STATE,1300,,70.1,Red Brick,221.115715251183
25,,6600,,E ERIE AVE,D ST,KENSINGTON AVE,31980,641472,B,3,STATE,1300,,70.11,Red Brick,184.344652014114
26,,6601,,E ERIE AVE,D ST,KENSINGTON AVE,31980,641466,B,3,STATE,1300,,70.12,Red Brick,213.387191003604
27,,6877,,HAWORTH ST,COTTAGE ST,DITMAN ST,41260,660477,B,5,CITY,1900,,94,Red Brick,388.58666103166
28,,7055,,E ERIE AVE,D ST,KENSINGTON AVE,31980,641455,B,3,STATE,1500,,70.14,Red Brick,564.956220409393
29,,7057,,E ERIE AVE,D ST,KENSINGTON AVE,31980,641449,B,3,STATE,1600,,70.15,Red Brick,192.689650087294
30,,7322,,ROMAIN ST,DEAL ST,ADAMS ST,69160,641208,FT,5,CITY,4100,,325,Red Brick,178.323359866355
31,,7426,,FARINA ST,PENN ST,GRISCOM ST,33480,660957,TF,5,PRIVATE,1500,,75,Granite Block,276.905446374511
32,,7454,,GILLINGHAM ST,N PENN ST,GRISCOM ST,36940,660390,B,5,CITY,1500,,311,Red Brick,282.22135997635
33,,7757,,BRIDGE ST,GARDEN ST,CITY BOUNDARY,18800,660060,B,5,CITY,2900,,303,Granite Block,164.438443665651
34,,8062,,GERMANTOWN AVE,CHURCH LN,ALLENS LANE,36660,720532,B,3,STATE,0,,89.1,Granite Block,72.2718545726209
35,,8063,,GERMANTOWN AVE,CHURCH LN,ALLENS LANE,36660,720530,B,3,STATE,6000,,89.11,Granite Block,454.832745497529
36,,8064,,GERMANTOWN AVE,CHURCH LN,ALLENS LANE,36660,720476,B,3,STATE,6100,,89.13,Granite Block,218.779445642033
37,,8065,,GERMANTOWN AVE,CHURCH LN,ALLENS LANE,36660,720485,B,3,STATE,6100,,89.12,Granite Block,44.0073785697695
38,,8067,,GERMANTOWN AVE,CHURCH LN,ALLENS LANE,36660,720470,B,3,STATE,6100,,89.14,Granite Block,264.901640839156
39,,8069,,GERMANTOWN AVE,CHURCH LN,ALLENS LANE,36660,720521,B,3,STATE,5800,,89.07,Granite Block,147.976544413865
40,,8189,,BURBRIDGE ST,W WASHINGTON LA,W DUVAL ST,19800,720488,FT,5,CITY,6300,,27,Red Brick,515.690661599632
41,,8190,,GERMANTOWN AVE,CHURCH LN,ALLENS LANE,36660,720467,B,3,STATE,6100,,89.15,Granite Block,179.252297870404
42,,8192,,GERMANTOWN AVE,CHURCH LN,ALLENS LANE,36660,720463,B,3,STATE,6200,,89.16,Granite Block,490.242862083694
43,,8212,,GERMANTOWN AVE,CHURCH LN,ALLENS LANE,36660,720458,B,3,STATE,6300,,89.18,Granite Block,255.556452895166
44,,8215,,GERMANTOWN AVE,CHURCH LN,ALLENS LANE,36660,720457,B,3,STATE,6300,,89.19,Granite Block,412.055705925248
45,,8219,,GERMANTOWN AVE,CHURCH LN,ALLENS LANE,36660,720459,B,3,STATE,6300,,89.17,Granite Block,369.688957769198
46,,8221,,GERMANTOWN AVE,CHURCH LN,ALLENS LANE,36660,720385,B,3,STATE,6400,,89.2,Granite Block,460.907937805113
47,,8230,,GERMANTOWN AVE,CHURCH LN,ALLENS LANE,36660,720418,B,3,STATE,6500,,89.23,Granite Block,115.460386576364
48,,8231,,GERMANTOWN AVE,CHURCH LN,ALLENS LANE,36660,720428,B,3,STATE,0,,89.24,Granite Block,40.8173988160629
49,,8232,,GERMANTOWN AVE,CHURCH LN,ALLENS LANE,36660,720383,B,3,STATE,6500,,89.22,Granite Block,261.340583155412
50,,8233,,GERMANTOWN AVE,CHURCH LN,ALLENS LANE,36660,720384,B,3,STATE,6400,,89.21,Granite Block,461.382570881631
51,,8235,,GERMANTOWN AVE,CHURCH LN,ALLENS LANE,36660,720382,B,3,STATE,6500,,89.25,Granite Block,180.374606048933
52,,8260,,GERMANTOWN AVE,CHURCH LN,ALLENS LANE,36660,720365,B,3,STATE,6600,,89.28,Granite Block,92.8432118708601
53,,8261,,GERMANTOWN AVE,CHURCH LN,ALLENS LANE,36660,720364,B,3,STATE,6500,,89.27,Granite Block,135.018631168134
54,,8262,,GERMANTOWN AVE,CHURCH LN,ALLENS LANE,36660,720381,B,3,STATE,6500,,89.26,Granite Block,116.549840739584
55,,8481,,GERMANTOWN AVE,ALLENS LANE,REX AVE,36660,820537,B,3,STATE,7400,,90.02,Granite Block,717.938256044207
56,,8536,,W DUVAL ST,GREENE ST,SHERMAN ST,29740,720434,B,5,CITY,300,,67,Orange Brick,914.782109669589
57,,8540,,SHERMAN ST,W WASHINGTON LA,W JOHNSON ST,72580,720435,B,5,CITY,6300,,180.02,Orange Brick,461.723049957354
58,,8542,,MOYLAN ST,W WASHINGTON LA,W POMONA ST,57380,720439,B,5,CITY,6300,,133,Red Brick,275.961633936249
59,,8549,,SHERMAN ST,W WASHINGTON LA,W JOHNSON ST,72580,720442,B,5,CITY,6300,,180.01,Orange Brick,287.048642793981
60,,8715,,GERMANTOWN AVE,CHURCH LN,ALLENS LANE,36660,720359,B,3,STATE,6600,,89.29,Granite Block,228.136072345642
61,,8726,,GERMANTOWN AVE,CHURCH LN,ALLENS LANE,36660,720357,B,3,STATE,6600,,89.3,Granite Block,146.073659906097
62,,8727,,GERMANTOWN AVE,CHURCH LN,ALLENS LANE,36660,720356,B,3,STATE,6600,,89.31,Granite Block,60.6587679169197
63,,8728,,GERMANTOWN AVE,CHURCH LN,ALLENS LANE,36660,720354,B,3,STATE,6600,,89.32,Granite Block,270.426194162649
64,,8730,,GERMANTOWN AVE,CHURCH LN,ALLENS LANE,36660,720350,B,3,STATE,6700,,89.33,Granite Block,324.052542404167
65,,8732,,GERMANTOWN AVE,CHURCH LN,ALLENS LANE,36660,720147,B,3,STATE,6900,,89.37,Granite Block,259.852909019408
66,,8734,,GERMANTOWN AVE,CHURCH LN,ALLENS LANE,36660,720332,B,3,STATE,6700,,89.36,Granite Block,126.774524871021
67,,8793,,GERMANTOWN AVE,CHURCH LN,ALLENS LANE,36660,720145,B,3,STATE,6900,,89.38,Granite Block,558.367401291668
68,,8802,,GERMANTOWN AVE,CHURCH LN,ALLENS LANE,36660,720132,B,3,STATE,7200,,89.44,Granite Block,121.483709180557
69,,8803,,GERMANTOWN AVE,CHURCH LN,ALLENS LANE,36660,720133,B,3,STATE,7200,,89.43,Granite Block,96.8078871336312
70,,8804,,GERMANTOWN AVE,CHURCH LN,ALLENS LANE,36660,720135,B,3,STATE,7100,,89.42,Granite Block,329.252316797472
71,,8806,,GERMANTOWN AVE,CHURCH LN,ALLENS LANE,36660,720136,B,3,STATE,7100,,89.41,Granite Block,97.413184213122
72,,8807,,GERMANTOWN AVE,CHURCH LN,ALLENS LANE,36660,720137,B,3,STATE,7100,,89.4,Granite Block,264.205910457239
73,,8823,,GERMANTOWN AVE,CHURCH LN,ALLENS LANE,36660,720131,B,3,STATE,7200,,89.45,Granite Block,334.876791558824
74,,8825,,GERMANTOWN AVE,ALLENS LANE,REX AVE,36660,720160,B,3,STATE,7300,,90.01,Granite Block,584.969114144862
75,,8837,,WINSTON RD,GERMANTOWN AVE,MERMAID LA,83880,820535,B,4,CITY,7600,,208,Granite Block,228.046550352249
76,,8838,,GERMANTOWN AVE,ALLENS LANE,REX AVE,36660,820704,B,3,STATE,7600,,90.06,Granite Block,208.074988387433
77,,8841,,GERMANTOWN AVE,ALLENS LANE,REX AVE,36660,820536,B,3,STATE,7600,,90.05,Granite Block,292.635612511284
78,,8842,,E MERMAID LN,GERMANTOWN AVE,WINSTON RD,55660,820516,B,4,CITY,0,,129.01,Granite Block,124.814612307164
79,,8844,,GERMANTOWN AVE,ALLENS LANE,REX AVE,36660,820703,B,3,STATE,7700,,90.07,Granite Block,538.194169766371
80,,8851,,GERMANTOWN AVE,ALLENS LANE,REX AVE,36660,820019,B,3,STATE,7600,,90.04,Granite Block,774.417564466345
81,,8941,,MEADOWBROOK AVE,STROUD ST,ERDENHEIM ST,55060,800066,B,5,CITY,9400,,127.01,Granite Block,570.711115554711
82,,8946,,GERMANTOWN AVE,ALLENS LANE,REX AVE,36660,800188,B,3,STATE,7900,,90.11,Granite Block,261.365505112185
83,,9022,,GERMANTOWN AVE,ALLENS LANE,REX AVE,36660,800112,B,2,FAM,8600,,90.21,Granite Block,261.266238004892
84,,9034,,GERMANTOWN AVE,ALLENS LANE,REX AVE,36660,800138,B,3,STATE,8300,,90.17,Granite Block,464.615257027592
85,,9037,,GERMANTOWN AVE,ALLENS LANE,REX AVE,36660,800140,B,3,STATE,8200,,90.16,Granite Block,72.8306943180817
86,,9038,,GERMANTOWN AVE,ALLENS LANE,REX AVE,36660,800150,B,3,STATE,8200,,90.15,Granite Block,414.299755989011
87,,9040,,GERMANTOWN AVE,ALLENS LANE,REX AVE,36660,820698,B,3,STATE,7900,,90.1,Granite Block,213.19788748935
88,,9041,,GERMANTOWN AVE,ALLENS LANE,REX AVE,36660,820037,B,3,STATE,7800,,90.08,Granite Block,403.765708289463
89,,9046,,GERMANTOWN AVE,ALLENS LANE,REX AVE,36660,800164,B,3,STATE,8100,,90.14,Granite Block,507.621020891322
90,,9061,,GERMANTOWN AVE,ALLENS LANE,REX AVE,36660,800171,B,3,STATE,8000,,90.13,Granite Block,263.309207172469
91,,9062,,GERMANTOWN AVE,ALLENS LANE,REX AVE,36660,800182,B,3,STATE,8000,,90.12,Granite Block,280.067097968678
92,,9450,,MEADOWBROOK AVE,STROUD ST,ERDENHEIM ST,55060,800064,B,5,CITY,9500,,127.02,Granite Block,568.154171069358
93,,9508,,GERMANTOWN AVE,CHURCH LN,ALLENS LANE,36660,720531,B,3,STATE,5900,,89.09,Granite Block,349.124457674177
94,,9509,,GERMANTOWN AVE,CHURCH LN,ALLENS LANE,36660,720520,B,3,STATE,5900,,89.08,Granite Block,272.382521225827
95,,9520,,GERMANTOWN AVE,ALLENS LANE,REX AVE,36660,822025,B,3,STATE,0,,90.09,Granite Block,52.3441120677515
96,,9565,,GERMANTOWN AVE,CHURCH LN,ALLENS LANE,36660,720337,B,3,STATE,6700,,89.35,Granite Block,209.26406488176
97,,9566,,GERMANTOWN AVE,CHURCH LN,ALLENS LANE,36660,720344,B,3,STATE,6700,,89.34,Granite Block,285.262965515357
98,,9634,,S 49TH ST,BALTIMORE AVE,CHESTER AVE,88770,320200,B,3,FAM,700,,220.09,Red Brick,154.388511969524
99,,9635,,S 49TH ST,BALTIMORE AVE,CHESTER AVE,88770,320201,B,3,FAM,700,,220.08,Red Brick,201.588959003367
100,,9641,,S 49TH ST,BALTIMORE AVE,CHESTER AVE,88770,320202,B,3,FAM,800,,220.07,Red Brick,254.261408506075
101,,9645,,S 49TH ST,BALTIMORE AVE,CHESTER AVE,88770,320203,B,3,FAM,800,,220.06,Red Brick,277.878088400932
102,,9648,,S 49TH ST,BALTIMORE AVE,CHESTER AVE,88770,320204,B,3,FAM,900,,220.05,Red Brick,282.784486834286
103,,9824,,S 49TH ST,BALTIMORE AVE,CHESTER AVE,88770,320205,B,3,FAM,900,,220.04,Red Brick,292.878202941872
104,,9829,,S 49TH ST,BALTIMORE AVE,CHESTER AVE,88770,320237,B,3,FAM,1000,,220.03,Red Brick,232.913976237931
105,,9833,,S 49TH ST,BALTIMORE AVE,CHESTER AVE,88770,320238,B,3,FAM,1000,,220.02,Red Brick,201.344755669406
106,,11977,,E STERNER ST,B ST,E GURNEY ST,74700,540936,B,5,CITY,300,,192,Red Brick,208.099276534267
107,,11978,,E GURNEY ST,B ST,E LEHIGH AVE,39100,540935,FT,4,CITY,300,,91.01,Red Brick,280.004374357886
108,,12000,,E GURNEY ST,B ST,E LEHIGH AVE,39100,540995,FT,4,CITY,300,,91.02,Red Brick,281.847013926175
109,,12787,,W ERIE AVE,N 05TH ST,N 09TH ST,32000,641356,B,3,STATE,800,,71.01,Granite Block,146.089174686698
110,,12789,,W ERIE AVE,N 05TH ST,N 09TH ST,32000,641361,B,3,STATE,800,,71.02,Granite Block,139.217778388997
111,,12792,,W ERIE AVE,N 05TH ST,N 09TH ST,32000,641367,B,3,STATE,700,,71.03,Granite Block,181.632140061522
112,,12815,,W ERIE AVE,N 05TH ST,N 09TH ST,32000,641378,B,3,STATE,600,,71.05,Granite Block,235.113336533868
113,,12816,,W ERIE AVE,N 05TH ST,N 09TH ST,32000,641376,B,3,STATE,700,,71.04,Granite Block,185.233086194918
114,,12822,,W ERIE AVE,N 05TH ST,N 09TH ST,32000,641401,B,3,STATE,500,,71.08,Granite Block,281.661300138351
115,,12825,,W ERIE AVE,N 05TH ST,N 09TH ST,32000,641391,B,3,STATE,500,,71.07,Granite Block,277.992267498979
116,,12826,,W ERIE AVE,N 05TH ST,N 09TH ST,32000,641387,B,3,STATE,600,,71.06,Granite Block,233.999470298888
117,,13032,,E ERIE AVE,FRONT ST,B ST,31980,641393,B,3,STATE,100,,69.01,Red Brick,597.377395833122
118,,13034,,E ERIE AVE,FRONT ST,B ST,31980,642545,B,3,STATE,100,,69.02,Red Brick,498.261554629497
119,,13102,,W ESTAUGH ST,MASCHER ST,PALETHORP ST,32240,641765,B,5,CITY,100,,73,Red Brick,326.372741905424
120,,13323,,PALETHORP ST,W ALLEGHENY AVE,W WESTMORELAND ST,62760,642212,B,5,CITY,3200,,146,Granite Block,585.96668686945
121,,13605,,TRENTON AVE,FRANKFORD AVE,E LEHIGH AVE,77800,541841,B,4,CITY,2600,,198.12,Granite Block,279.762377263514
122,,13606,,TRENTON AVE,FRANKFORD AVE,E LEHIGH AVE,77800,541882,B,4,CITY,2600,,198.11,Granite Block,160.571277696208
123,,13765,,CORAL ST,E AUBURN ST,E WILLIAM ST,25020,541197,B,5,CITY,2800,,306,Granite Block,192.611180858374
124,,14836,,SHUNK ST,S SWANSON ST,S FRONT ST,72740,240094,B,4,CITY,0,,319,Granite Block,668.436766255093
125,,15366,,SIGEL ST,S 11TH ST,DEAD END WEST,72820,341455,B,5,CITY,1100,,181,Red Brick,222.474709207723
126,,15606,,S DARIEN ST,REED ST,CITY BOUNDARY,27380,341046,B,5,CITY,1400,,307,Orange Brick,170.064058838014
127,,15612,,REED ST,S WARNOCK ST,S 12TH ST,67780,341063,B,4,CITY,1000,,163.02,Granite Block,205.748934110468
128,,15617,,REED ST,S WARNOCK ST,S 12TH ST,67780,341064,B,4,CITY,1000,,163.03,Granite Block,153.927964516894
129,,15809,,PANAMA ST,S 12TH ST,S 13TH ST,62880,340143,B,5,CITY,1200,,147.01,Granite Block,122.319001799874
130,,15814,,CYPRESS ST,S 12TH ST,S 13TH ST,26560,340148,B,5,CITY,1200,,60.01,Red Brick,122.531765392701
131,,15816,,CYPRESS ST,S 12TH ST,S 13TH ST,26560,340149,B,5,CITY,1200,,60.02,Red Brick,101.24399382418
132,,15818,,CYPRESS ST,S 12TH ST,S 13TH ST,26560,340151,B,5,CITY,1200,,60.04,Red Brick,127.272752149662
133,,15820,,CYPRESS ST,S 12TH ST,S 13TH ST,26560,340150,B,5,CITY,1200,,60.03,Red Brick,97.2230338596455
134,,15821,,PANAMA ST,S 12TH ST,S 13TH ST,62880,341963,B,5,CITY,1200,,147.03,Granite Block,100.368602425575
135,,15823,,PANAMA ST,S 12TH ST,S 13TH ST,62880,340144,B,5,CITY,1200,,147.02,Granite Block,101.383695156489
136,,15851,,PANAMA ST,S 12TH ST,S 13TH ST,62880,340145,B,5,CITY,1200,,147.04,Granite Block,124.402285997124
137,,15868,,BAINBRIDGE ST,S 11TH ST,S 12TH ST,15460,340345,TF,4,FAM,1100,,12.02,Granite Block,82.1703800115167
138,,15878,,REED ST,S WARNOCK ST,S 12TH ST,88020,341062,B,4,CITY,1300,,163.01,Granite Block,159.196338892082
139,,15890,,BAINBRIDGE ST,S 11TH ST,S 12TH ST,15460,340344,TF,4,FAM,1100,,12.01,Granite Block,132.434342103574
140,,15891,,BAINBRIDGE ST,S 11TH ST,S 12TH ST,15460,341979,TF,4,FAM,1100,,12.03,Granite Block,86.504683938294
141,,15901,,BAINBRIDGE ST,S 11TH ST,S 12TH ST,15460,340349,TF,4,FAM,1100,,12.04,Granite Block,165.246887452143
142,,15914,,S CLIFTON ST,BAINBRIDGE ST,CATHARINE ST,23860,340613,B,5,CITY,800,,48.01,Granite Block,150.897578816677
143,,15916,,S CLIFTON ST,BAINBRIDGE ST,CATHARINE ST,23860,342057,B,5,PRIVATE,700,,48.02,Granite Block,370.021475619264
144,,15976,,S PERTH ST,ADDISON ST,LOMBARD ST,64380,340204,B,5,CITY,400,,153,Yellow Brick,167.357325703135
145,,16078,,FULTON ST,S 06TH ST,S 07TH ST,35340,340467,B,5,CITY,600,,81.01,Red Brick,172.656371041545
146,,16098,,CYPRESS ST,S 06TH ST,S 07TH ST,26560,340219,FT,5,CITY,600,,59,Granite Block,446.785589983807
147,,16112,,BRADFORD ALY,S 07TH ST,DEAD END WEST,18670,340306,B,5,CITY,700,,23.01,Granite Block,92.3286127610539
148,,16119,,BRADFORD ALY,S 07TH ST,DEAD END WEST,18670,340307,B,5,CITY,700,,23.02,Granite Block,226.603463428775
149,,16145,,S REESE ST,CYPRESS ST,DELANCEY ST,67840,340220,B,5,CITY,300,,164,Red Brick,149.521194320554
150,,16146,,CYPRESS ST,S 05TH ST,S 06TH ST,26560,340223,FT,5,CITY,500,,58.02,Granite Block,116.986683376805
151,,16147,,CYPRESS ST,S 05TH ST,S 06TH ST,26560,340222,FT,5,CITY,500,,58.01,Granite Block,330.034803955618
152,,16162,,S FAIRHILL ST,BAINBRIDGE ST,FITZWATER ST,33260,340451,B,5,CITY,700,,74.02,Granite Block,121.680981664488
153,,16175,,KATER ST,S ORIANNA ST,S 04TH ST,47080,340278,B,5,CITY,300,,105,Granite Block,310.704107656817
154,,16180,,S ORIANNA ST,BAINBRIDGE ST,SOUTH ST,61600,340279,B,5,CITY,600,,144.01,Granite Block,172.978456418784
155,,16199,,CYPRESS ST,S 04TH ST,LAWRENCE CT,26560,340238,B,5,CITY,400,,57,Granite Block,210.839114121971
156,,16299,,ADDISON ST,S 06TH ST,S 07TH ST,11320,340203,B,5,CITY,600,,3,Granite Block,448.221130736093
157,,16461,,S BODINE ST,CHRISTIAN ST,CARPENTER ST,18120,342059,B,5,CITY,900,,19,Red Brick,251.418614080469
158,,16483,,DELANCEY ST,S FRONT ST,S 02ND ST,27980,340253,TF,5,CITY,100,,61,Granite Block,452.439770262273
159,,16490,,DELANCEY ST,S 02ND ST,S 03RD ST,27980,342300,TF,5,CITY,200,,62.01,Granite Block,232.298549276188
160,,16493,,FULTON ST,S 02ND ST,S 03RD ST,35340,342135,B,5,CITY,200,,80.02,Granite Block,310.497873326326
161,,16494,,FULTON ST,S 02ND ST,S 03RD ST,35340,342220,B,5,CITY,200,,80.01,Granite Block,239.293370366425
162,,16517,,S HANCOCK ST,CATHARINE ST,CHRISTIAN ST,40360,340032,B,5,CITY,800,,93.03,Granite Block,251.956162760256
163,,16520,,S HANCOCK ST,CATHARINE ST,CHRISTIAN ST,40360,340033,B,5,CITY,800,,93.02,Granite Block,164.860638187948
164,,16521,,DELANCEY ST,S 02ND ST,S 03RD ST,27980,342301,TF,5,CITY,200,,62.03,Granite Block,221.106673959844
165,,16522,,DELANCEY ST,S 02ND ST,S 03RD ST,27980,342302,TF,5,CITY,200,,62.02,Granite Block,101.146179581788
166,,16523,,S 02ND ST,SPRUCE ST,PINE ST,87840,340251,FT,3,FAM,300,,213.01,Granite Block,210.440788689774
167,,16534,,S HANCOCK ST,CATHARINE ST,CHRISTIAN ST,40360,340035,B,5,CITY,800,,93.01,Granite Block,201.447361557079
168,,16554,,ALTER ST,S FRONT ST,WASHINGTON AVE,12360,342167,B,5,CITY,100,,6,Blue Glazed Brick,467.369043601208
169,,16721,,WOLF ST,WECCACOE AVE,VANDALIA ST,84260,342228,B,4,CITY,0,,323,Granite Block,422.725700581843
170,,16741,,S ORIANNA ST,BAINBRIDGE ST,SOUTH ST,61600,340277,B,5,CITY,600,,144.02,Granite Block,156.02702732338
171,,16754,,S AMERICAN ST,BAINBRIDGE ST,CATHARINE ST,12460,342219,B,12,PRIVATE,700,,9,Granite Block,115.848011763312
172,,18809,,GERMANTOWN AVE,CHURCH LN,ALLENS LANE,36660,720523,B,3,STATE,5800,,89.06,Granite Block,289.259308340808
173,,18811,,GERMANTOWN AVE,CHURCH LN,ALLENS LANE,36660,720524,B,3,STATE,5700,,89.05,Granite Block,428.772829454923
174,,18812,,GERMANTOWN AVE,CHURCH LN,ALLENS LANE,36660,720042,B,3,STATE,5600,,89.03,Granite Block,91.4081628369337
175,,18820,,GERMANTOWN AVE,CHURCH LN,ALLENS LANE,36660,720525,B,3,STATE,5600,,89.04,Granite Block,314.884582257242
176,,19366,,GERMANTOWN AVE,CHURCH LN,ALLENS LANE,36660,720527,B,3,STATE,5400,,89.01,Granite Block,229.652501412988
177,,19367,,GERMANTOWN AVE,CHURCH LN,ALLENS LANE,36660,720526,B,3,STATE,5500,,89.02,Granite Block,370.35836955863
178,,19368,,GERMANTOWN AVE,E BRINGHURST ST,CHURCH LN,36660,720528,B,3,STATE,5400,,88.05,Granite Block,510.554125973089
179,,19429,,N CARLISLE ST,LINDLEY AVE,W SOMERVILLE AVE,21400,721123,TF,5,CITY,5100,,33.01,Red Brick,572.315783392437
180,,19437,,N CARLISLE ST,LINDLEY AVE,W SOMERVILLE AVE,21400,721634,FT,5,CITY,5200,,33.02,Red Brick,572.521006595627
181,,19945,,TRENTON AVE,FRANKFORD AVE,E LEHIGH AVE,77800,542072,B,4,CITY,2500,,198.06,Granite Block,185.613690132884
182,,19947,,TRENTON AVE,FRANKFORD AVE,E LEHIGH AVE,77800,541982,B,4,CITY,2600,,198.08,Granite Block,140.884549656076
183,,19948,,TRENTON AVE,FRANKFORD AVE,E LEHIGH AVE,77800,541946,B,4,CITY,2600,,198.09,Granite Block,130.06964377599
184,,19949,,TRENTON AVE,FRANKFORD AVE,E LEHIGH AVE,77800,541903,B,4,CITY,2600,,198.1,Granite Block,110.853039446798
185,,19951,,TRENTON AVE,FRANKFORD AVE,E LEHIGH AVE,77800,542115,B,4,CITY,2500,,198.05,Granite Block,187.709953102743
186,,19952,,TRENTON AVE,FRANKFORD AVE,E LEHIGH AVE,77800,542175,B,4,CITY,2500,,198.04,Granite Block,217.331518520467
187,,19957,,TRENTON AVE,FRANKFORD AVE,E LEHIGH AVE,77800,542216,B,4,CITY,2400,,198.03,Granite Block,204.734184136259
188,,19958,,TRENTON AVE,FRANKFORD AVE,E LEHIGH AVE,77800,542258,B,4,CITY,2400,,198.02,Granite Block,193.112752335441
189,,19961,,TRENTON AVE,FRANKFORD AVE,E LEHIGH AVE,77800,542322,B,4,CITY,2400,,198.01,Granite Block,395.935036765942
190,,19969,,TRENTON AVE,E NORRIS ST,FRANKFORD AVE,77800,542378,B,4,CITY,2300,,197.07,Granite Block,120.631553844876
191,,19970,,TRENTON AVE,E NORRIS ST,FRANKFORD AVE,77800,542400,B,4,CITY,2300,,197.06,Granite Block,136.294768187856
192,,19971,,TRENTON AVE,E NORRIS ST,FRANKFORD AVE,77800,542473,B,4,CITY,2200,,197.05,Granite Block,411.821872309337
193,,19979,,TRENTON AVE,E NORRIS ST,FRANKFORD AVE,77800,542570,B,4,CITY,2000,,197.02,Granite Block,111.872288737164
194,,19982,,TRENTON AVE,E NORRIS ST,FRANKFORD AVE,77800,542614,B,4,CITY,2000,,197.01,Granite Block,142.450945858279
195,,20312,,TRENTON AVE,FRANKFORD AVE,E LEHIGH AVE,77800,542027,B,4,CITY,2500,,198.07,Granite Block,191.310529502441
196,,20594,,E SELTZER ST,ALMOND ST,EDGEMONT ST,71680,542527,B,5,CITY,2600,,178.02,Red Brick,362.375465618848
197,,20596,,E SELTZER ST,ALMOND ST,EDGEMONT ST,71680,542598,B,5,CITY,2600,,178.03,Red Brick,243.157285915145
198,,20606,,E SELTZER ST,ALMOND ST,EDGEMONT ST,71680,542412,B,5,CITY,2500,,178.01,Granite Block,319.204164682942
199,,20815,,E WILDEY ST,FRANKFORD AVE,SHACKAMAXON ST,83200,441625,FT,5,CITY,100,,322.02,Granite Block,274.305282765355
200,,20911,,E WILDEY ST,FRANKFORD AVE,SHACKAMAXON ST,83200,441624,FT,5,CITY,100,,322.01,Granite Block,149.531561593779
201,,20923,,NEW MARKET ST,LAUREL ST,GERMANTOWN AVE,59520,440253,B,5,CITY,1000,,138.02,Granite Block,259.334375388306
202,,20930,,N FRONT ST,ELLEN ST,GREEN ST,35200,441385,B,4,FAM,900,,79.05,Granite Block,365.589466340851
203,,20933,,CANAL ST,POPLAR ST,LAUREL ST,21140,441312,B,5,CITY,900,,31,Granite Block,1156.55166095334
204,,20935,,ELLEN ST,N PENN ST,N DELAWARE AVE,31240,441028,B,5,CITY,0,,308,Granite Block,303.911673839696
205,,20939,,N FRONT ST,ELLEN ST,GREEN ST,35200,440683,B,4,FAM,800,,79.04,Granite Block,232.22462069419
206,,20946,,NOBLE ST,N FRONT ST,N CHRIS COLUMBUS BLV,59940,441570,B,5,CITY,0,,139,Granite Block,462.115795619482
207,,20949,,N WATER ST,N FRONT ST,VINE ST,81680,441201,TF,5,CITY,400,,203,Granite Block,322.549074021818
208,,20951,,N FRONT ST,VINE ST,SPRING GARDEN ST,35200,440703,B,5,FAM,400,,78.03,Granite Block,583.151743258962
209,,20954,,N FRONT ST,VINE ST,SPRING GARDEN ST,35200,440704,B,5,FAM,400,,78.02,Granite Block,293.340800042597
210,,20959,,N WATER ST,N FRONT ST,VINE ST,81680,441406,FT,5,CITY,300,,202,Granite Block,538.981211814701
211,,20987,,NEW MARKET ST,LAUREL ST,GERMANTOWN AVE,59520,440264,B,5,CITY,1000,,138.01,Granite Block,134.397318963135
212,,21006,,N BODINE ST,N AMERICAN ST,W WI LDEY ST,18100,440255,FT,5,CITY,900,,17,Granite Block,440.496917620035
213,,21346,,NOBLE ST,N 10TH ST,N 11TH ST,59940,441434,B,5,CITY,1000,,140.01,Granite Block,210.356590541795
214,,21356,,NOBLE ST,N 10TH ST,N 11TH ST,59940,441435,B,5,CITY,1000,,140.02,Granite Block,237.708512891874
215,,21371,,HAMILTON ST,N 10TH ST,RIDGE AVE,40180,440346,B,5,CITY,1000,,92,Granite Block,425.085468567532
216,,21478,,QUARRY ST,N 02ND ST,N 03RD ST,66440,440920,B,5,CITY,200,,158.02,Granite Block,267.791511525862
217,,21480,,QUARRY ST,N FRONT ST,N 02ND ST,66440,441422,B,5,CITY,100,,157,Granite Block,379.925561999909
218,,21489,,QUARRY ST,N 02ND ST,N 03RD ST,66440,440912,FT,5,CITY,200,,158.01,Granite Block,278.821646672705
219,,21490,,BREAD ST,ARCH ST,RACE ST,18720,440922,B,5,CITY,100,,24.02,Granite Block,170.626979355839
220,,21496,,S PHILIP ST,DELANCEY ST,SPRUCE ST,64520,342304,B,5,CITY,300,,154,Granite Block,308.716682621497
221,,21497,,DOCK ST,S CHRIS COLUMBUS BLV,WALNUT ST,28780,441711,B,3,FAM,100,,65.03,Granite Block,486.725216216147
222,,21498,,DOCK ST,S CHRIS COLUMBUS BLV,WALNUT ST,28780,441712,FT,3,CITY,200,,65.05,Granite Block,184.266407005464
223,,21502,,DOCK ST,S CHRIS COLUMBUS BLV,WALNUT ST,28780,441526,FT,3,CITY,200,,65.04,Granite Block,155.944442583788
224,,21504,,S AMERICAN ST,SPRUCE ST,DELANCEY ST,12460,342303,B,5,CITY,300,,8,Granite Block,309.661414655175
225,,21506,,BREAD ST,ARCH ST,RACE ST,18720,440924,B,5,CITY,100,,24.01,Granite Block,313.6523190321
226,,21510,,CHURCH ST,N 02ND ST,N 03RD ST,23140,440421,B,4,CITY,200,,47.01,Granite Block,373.273112524859
227,,21511,,N AMERICAN ST,CHURCH ST,CUTHBERT ST,12440,440420,B,5,CITY,0,,7.01,Granite Block,184.97708504441
228,,21512,,FILBERT ST,N 02ND ST,N 03RD ST,34000,440409,B,5,CITY,200,,76.03,Granite Block,173.963079799412
229,,21513,,FILBERT ST,N 02ND ST,N 03RD ST,34000,440404,B,5,CITY,200,,76.01,Blue Glazed Brick,287.95558235092
230,,21514,,N AMERICAN ST,CHURCH ST,CUTHBERT ST,12440,441187,B,5,CITY,0,,7.02,Granite Block,94.7511759601266
231,,21535,,SANSOM ST,S 07TH ST,S 08TH ST,70940,440497,FT,4,CITY,700,,176,Red Brick,451.398875646445
232,,21537,,S INDEPENDENCE ML E,CHESTNUT ST,WALNUT ST,44829,441176,TF,3,STATE,100,,216,Granite Block,561.071456333324
233,,21599,,BONAPARTE CT,S 09TH ST,S HUTCHINSON ST,18185,441078,B,5,CITY,900,,20,Granite Block,228.857525476038
234,,21600,,S HUTCHINSON ST,LOCUST ST,SPRUCE ST,44200,440648,B,5,CITY,200,,101.01,Granite Block,121.962017608592
235,,21603,,S HUTCHINSON ST,LOCUST ST,SPRUCE ST,44200,440592,B,5,CITY,200,,101.04,Granite Block,135.191594366584
236,,21610,,QUINCE ST,WALNUT ST,SPRUCE ST,66560,440630,FT,5,CITY,200,,159.02,Granite Block,160.74304164577
237,,21622,,CHANCELLOR ST,S 12TH ST,S 13TH ST,22300,440517,B,5,CITY,1200,,39.02,Granite Block,224.908758011654
238,,21633,,ST JAMES ST,S 12TH ST,S 13TH ST,74100,440531,B,5,CITY,1200,,173.02,Granite Block,223.220407048126
239,,21636,,ST JAMES ST,S 12TH ST,S 13TH ST,74100,440525,B,5,CITY,1200,,173.01,Granite Block,222.921481152821
240,,21639,,S CAMAC ST,WALNUT ST,LOCUST ST,21000,440511,B,5,CITY,200,,30.03,Wood Block,145.072229187965
241,,21640,,S CAMAC ST,WALNUT ST,LOCUST ST,21000,440524,B,5,CITY,200,,30.02,Wood Block,131.163285768002
242,,21641,,CHANCELLOR ST,S 12TH ST,S 13TH ST,22300,440512,B,5,CITY,1200,,39.01,Granite Block,222.535709725898
243,,21695,,TRENTON AVE,E NORRIS ST,FRANKFORD AVE,77800,542488,B,4,CITY,2000,,197.04,Granite Block,135.003012391877
244,,21696,,TRENTON AVE,E NORRIS ST,FRANKFORD AVE,77800,542551,B,4,CITY,2000,,197.03,Granite Block,207.690476882436
245,,22034,,WALLACE ST,N 04TH ST,N 05TH ST,81040,441393,B,5,CITY,400,,200,Granite Block,549.367476168315
246,,22099,,SPRING ST,N CLARION ST,N JUNIPER ST,73740,440876,B,5,CITY,1300,,320,Granite Block,138.99440604192
247,,22126,,BREAD ST,ARCH ST,RACE ST,18720,440936,FT,5,CITY,100,,24.03,Granite Block,191.220517873129
248,,22141,,N HUTCHINSON ST,CUTHBERT ST,ARCH ST,44180,441750,B,5,CITY,0,,100,Granite Block,191.438228788064
249,,22144,,CUTHBERT ST,N 09TH ST,N 10TH ST,26520,441453,B,5,CITY,900,,55.01,Granite Block,196.099915741187
250,,22193,,ELBOW LA,BANK ST,S 03RD ST,30960,441700,B,5,CITY,200,,68.01,Granite Block,138.409175618959
251,,22194,,ELBOW LA,BANK ST,S 03RD ST,30960,441699,B,5,CITY,200,,68.02,Granite Block,86.9706422765912
252,,22201,,IONIC ST,S FRONT ST,S 02ND ST,45000,440528,B,5,CITY,100,,84,Granite Block,459.361553933744
253,,22202,,CHESTNUT ST,S FRONT ST,S 02ND ST,22820,440506,TF,2,STATE,100,,45.01,Granite Block,227.557799534601
254,,22203,,CHESTNUT ST,S FRONT ST,S 02ND ST,22820,440510,TF,2,STATE,100,,45.02,Granite Block,231.258752123543
255,,22211,,THOMAS PAINE PL,DOCK ST,S 03RD ST,77135,441527,TF,5,CITY,200,,38,Granite Block,402.784014462423
256,,22236,,S CAMAC ST,WALNUT ST,LOCUST ST,21000,440540,B,5,CITY,200,,30.01,Wood Block,144.706796603582
257,,22258,,S WARNOCK ST,IRVING ST,SPRUCE ST,81460,440641,B,5,CITY,200,,201,Red Brick,230.571327744513
258,,22264,,MANNING ST,S HUTCHINSON ST,S 10TH ST,53180,440628,B,5,CITY,900,,120,Granite Block,225.912637493258
259,,22265,,S HUTCHINSON ST,LOCUST ST,SPRUCE ST,44200,441076,B,5,CITY,200,,101.02,Granite Block,64.7986024247896
260,,22266,,S HUTCHINSON ST,LOCUST ST,SPRUCE ST,44200,440615,B,5,CITY,200,,101.03,Granite Block,128.776900392713
261,,22298,,S RANDOLPH ST,ST JAMES CT,DEAD END SOUTH,67380,440617,B,5,CITY,200,,160,Granite Block,173.60742032023
262,,22314,,MATTIS ST,DOCK ST,SPRUCE ST,88555,441466,FT,5,FAM,200,,125,Granite Block,351.754645423458
263,,22317,,S 02ND ST,SPRUCE ST,PINE ST,87840,441506,FT,3,FAM,300,,213.02,Granite Block,309.341924731188
264,,22320,,SPRUCE ST,S CHRIS COLUMBUS BLV,MATTIS ST,73960,441768,TF,3,FAM,0,,186.02,Granite Block,319.657234356833
265,,22321,,SPRUCE ST,S CHRIS COLUMBUS BLV,MATTIS ST,73960,441418,B,3,FAM,100,,186.01,Granite Block,191.394756313878
266,,22323,,DOCK ST,S CHRIS COLUMBUS BLV,WALNUT ST,28780,441079,B,3,FAM,0,,65.01,Granite Block,298.345881364494
267,,22330,,BLACK HORSE ALY,S FRONT ST,S 02ND ST,17760,440463,B,5,CITY,100,,15.01,Granite Block,226.64178861844
268,,22331,,BLACK HORSE ALY,S FRONT ST,S 02ND ST,17760,440470,B,5,CITY,100,,15.02,Granite Block,229.976693430798
269,,22339,,CHURCH ST,N FRONT ST,N 02ND ST,23140,440428,TF,4,CITY,100,,46,Granite Block,462.72832667541
270,,22340,,CUTHBERT ST,N FRONT ST,N 02ND ST,26520,440400,B,5,CITY,100,,54.02,Granite Block,202.072393091337
271,,22341,,CUTHBERT ST,N FRONT ST,N 02ND ST,26520,441576,TF,5,CITY,100,,54.01,Granite Block,268.345651132425
272,,22342,,MASCHER ST,CUTHBERT ST,ARCH ST,54200,440399,B,5,CITY,0,,124,Blue Glazed Brick,234.023851227795
273,,22351,,N FRONT ST,VINE ST,SPRING GARDEN ST,35200,441092,FT,5,FAM,300,,78.01,Granite Block,593.714620931941
274,,22358,,NEW ST,N 03RD ST,N 04TH ST,59450,440919,B,5,CITY,300,,136,Granite Block,447.385063080199
275,,22361,,WOOD ST,N 02ND ST,N 05TH ST,84320,440891,TF,5,CITY,200,,210.07,Granite Block,251.753063381647
276,,22377,,N FRONT ST,VINE ST,SPRING GARDEN ST,35200,440700,B,5,FAM,500,,78.04,Granite Block,387.00553722897
277,,22379,,N FRONT ST,ELLEN ST,GREEN ST,35200,440697,B,4,FAM,600,,79.01,Granite Block,323.18449362155
278,,22405,,N ORIANNA ST,CHERRY ST,RACE ST,61580,440921,B,5,CITY,100,,142,Granite Block,329.302076620632
279,,22430,,N HUTCHINSON ST,CHERRY ST,RACE ST,44180,441748,TF,5,CITY,100,,312,Granite Block,331.195232380673
280,,22448,,S BODINE ST,MARKET ST,ELBOW LA,18120,441701,B,12,PRIVATE,0,,18,Blue Glazed Brick,315.575725638375
281,,22457,,FILBERT ST,N 02ND ST,N 03RD ST,34000,440405,B,5,CITY,200,,76.02,Granite Block,88.5584972910107
282,,25810,,HEDGE ST,BRIDGE ST,BRILL ST,41540,761314,TF,5,CITY,5300,,95,Red Brick,385.841507726419
283,,26605,,GERMANTOWN AVE,W ERIE AVE,W HUNTING PARK AVE,36660,620358,B,3,STATE,3800,,86.03,Granite Block,215.713567096873
284,,26606,,GERMANTOWN AVE,W ERIE AVE,W HUNTING PARK AVE,36660,620363,B,3,STATE,3900,,86.04,Granite Block,217.492052075054
285,,26607,,GERMANTOWN AVE,W ERIE AVE,W HUNTING PARK AVE,36660,620364,B,3,STATE,3900,,86.05,Granite Block,37.9467358991394
286,,26666,,WRIGHT ST,UMBRIA ST,SMICK ST,84760,600493,B,5,CITY,100,,211,Granite Block,329.206228650007
287,,26667,,SMICK ST,HERMITAGE ST,FOUNTAIN ST,73120,600031,B,5,CITY,4700,,184.02,Granite Block,106.182071414401
288,,26668,,SMICK ST,HERMITAGE ST,FOUNTAIN ST,73120,600032,B,5,CITY,0,,184.01,Granite Block,146.381064858296
289,,26670,,SMICK ST,HERMITAGE ST,FOUNTAIN ST,73120,600030,B,5,CITY,4700,,184.03,Granite Block,490.100179830464
290,,26727,,CRESSON ST,LEVERING ST,GREEN LA,25840,600316,B,4,CITY,4400,,52.08,Granite Block,361.306578714805
291,,26728,,CARSON ST,CRESSON ST,BAKER ST,21640,600359,B,5,CITY,100,,36,Granite Block,119.104583874534
292,,26730,,CRESSON ST,LEVERING ST,GREEN LA,25840,600318,B,4,CITY,4400,,52.06,Granite Block,85.8358182091846
293,,26732,,CRESSON ST,LEVERING ST,GREEN LA,25840,600317,B,4,CITY,4400,,52.07,Granite Block,104.300918356943
294,,26738,,STATION ST,LEVERING ST,GAY ST,74500,600603,B,5,CITY,4400,,191,Red Brick,177.3001770065
295,,26739,,CRESSON ST,LEVERING ST,GREEN LA,25840,600319,B,4,CITY,4400,,52.05,Granite Block,95.8699525533555
296,,26740,,CRESSON ST,LEVERING ST,GREEN LA,25840,600506,B,4,CITY,4300,,52.04,Granite Block,82.6912936401451
297,,26767,,GATES ST,UMBRIA ST,DEAD END WEST,36380,600297,B,5,CITY,100,,82,Red Brick,132.277012757848
298,,26827,,GERMANTOWN AVE,WINDRIM AVE,E BRINGHURST ST,36660,621251,B,3,STATE,4600,,87.04,Granite Block,467.913301619686
299,,26829,,GERMANTOWN AVE,WINDRIM AVE,E BRINGHURST ST,36660,620689,B,3,STATE,4500,,87.02,Granite Block,381.924784811772
300,,26831,,GERMANTOWN AVE,WINDRIM AVE,E BRINGHURST ST,36660,620688,B,3,STATE,4600,,87.03,Granite Block,226.594678970903
301,,26834,,GERMANTOWN AVE,WINDRIM AVE,E BRINGHURST ST,36660,620687,B,3,STATE,4700,,87.05,Granite Block,224.216606912828
302,,26843,,W SYLVANIA ST,GREENE ST,WAYNE AVE,75980,620741,B,5,CITY,100,,193,Yellow Brick,801.859757063172
303,,26845,,W ABBOTTSFORD AVE,GREENE ST,WAYNE AVE,11080,620740,B,4,CITY,100,,1,Red Brick,869.267324372071
304,,26876,,GERMANTOWN AVE,WINDRIM AVE,E BRINGHURST ST,36660,620686,B,3,STATE,4800,,87.06,Granite Block,223.809306469048
305,,26961,,GERMANTOWN AVE,WINDRIM AVE,E BRINGHURST ST,36660,620690,B,3,STATE,4400,,87.01,Granite Block,434.447213960887
306,,27181,,GERMANTOWN AVE,WINDRIM AVE,E BRINGHURST ST,36660,620682,B,3,STATE,5000,,87.13,Granite Block,186.095731995143
307,,27182,,GERMANTOWN AVE,WINDRIM AVE,E BRINGHURST ST,36660,720546,B,3,STATE,5100,,87.14,Granite Block,219.394873803617
308,,27183,,GERMANTOWN AVE,WINDRIM AVE,E BRINGHURST ST,36660,720550,B,3,STATE,5100,,87.16,Granite Block,58.4693107442663
309,,27184,,GERMANTOWN AVE,WINDRIM AVE,E BRINGHURST ST,36660,720549,B,3,STATE,5100,,87.15,Granite Block,124.933715392174
310,,27187,,GERMANTOWN AVE,WINDRIM AVE,E BRINGHURST ST,36660,620684,B,3,STATE,5000,,87.11,Granite Block,138.489184167442
311,,27188,,GERMANTOWN AVE,WINDRIM AVE,E BRINGHURST ST,36660,620685,B,3,STATE,4900,,87.1,Granite Block,171.912455378589
312,,27189,,GERMANTOWN AVE,WINDRIM AVE,E BRINGHURST ST,36660,620683,B,3,STATE,5000,,87.12,Granite Block,281.412494713927
313,,27259,,LAURENS ST,HANSBERRY ST,W QUEEN LA,49400,620940,B,5,CITY,5200,,107.01,Yellow Brick,264.841791331084
314,,27262,,LAURENS ST,HANSBERRY ST,W QUEEN LA,49400,620938,B,5,CITY,5200,,107.02,Yellow Brick,263.657068808763
315,,27263,,LAURENS ST,W QUEEN LA,W COULTER ST,49400,620936,B,5,CITY,5300,,108,Yellow Brick,181.340776918247
316,,27270,,MC KEAN AVE,HANSBERRY ST,W QUEEN LA,54780,620933,B,5,CITY,5200,,126.02,Red Brick,259.471025202042
317,,27271,,W BRINGHURST ST,MC KEAN AVE,LAURENS ST,19020,620937,B,5,CITY,400,,26,Red Brick,462.590562713854
318,,27274,,MC KEAN AVE,HANSBERRY ST,W QUEEN LA,54780,620934,B,5,CITY,5200,,126.01,Red Brick,261.866553418478
319,,27277,,ZERALDA ST,PULASKI AVE,APSLEY ST,86320,620812,TF,5,CITY,300,,212,Red Brick,446.538360139305
320,,27356,,W STAFFORD ST,MORRIS ST,WISSAHICKON AVE,74260,620904,FT,5,CITY,400,,187,Red Brick,878.167405501179
321,,27369,,WINONA ST,PULASKI AVE,MORRIS ST,83860,620942,B,5,CITY,300,,207,Yellow Brick,356.798506795987
322,,27620,,SHELDON ST,HERMITAGE ST,FOUNTAIN ST,72470,600095,FT,5,CITY,4700,,318,Red Brick,701.94176194107
323,,27678,,MAIDEN ST,MANSION ST,SILVERWOOD ST,52980,600599,B,5,CITY,100,,118,Red Brick,281.841414316602
324,,27679,,MANSION ST,LEVERING ST,GAY ST,53240,600602,B,5,CITY,4400,,121.01,Red Brick,119.259858176254
325,,27680,,MANSION ST,LEVERING ST,GAY ST,53240,600600,B,5,CITY,4400,,121.02,Red Brick,119.787273903271
326,,27682,,CRESSON ST,ROXBOROUGH AVE,LEVERING ST,25840,600507,B,4,CITY,4300,,52.03,Granite Block,122.389905016657
327,,27688,,CRESSON ST,ROXBOROUGH AVE,LEVERING ST,25840,600504,B,4,CITY,4300,,52.01,Granite Block,244.539022877323
328,,27690,,CRESSON ST,ROXBOROUGH AVE,LEVERING ST,25840,600553,B,4,CITY,4300,,52.02,Granite Block,261.760083268329
329,,27692,,STATION ST,ROXBOROUGH AVE,COTTON ST,74500,600315,TF,5,CITY,4300,,190,Granite Block,251.199120262764
330,,27697,,RECTOR ST,MAIN ST,STATION ST,67620,600571,TF,5,CITY,100,,162,Granite Block,156.778991075418
331,,27698,,STATION ST,PENSDALE ST,RECTOR ST,74500,600382,FT,5,CITY,4200,,189,Granite Block,436.852430853433
332,,27732,,LOFTY ST,BOONE ST,TERRACE ST,51420,600334,TF,5,CITY,200,,116,Red Brick (Molded),165.244319798473
333,,27818,,GERMANTOWN AVE,E BRINGHURST ST,CHURCH LN,36660,720544,B,3,STATE,5200,,88.01,Granite Block,269.04783796838
334,,27819,,GERMANTOWN AVE,WINDRIM AVE,E BRINGHURST ST,36660,720545,B,3,STATE,5100,,87.17,Granite Block,380.258545664981
335,,27820,,GERMANTOWN AVE,E BRINGHURST ST,CHURCH LN,36660,720044,B,3,STATE,5300,,88.02,Granite Block,234.530221993884
336,,27849,,SKIDOO ST,STANTON ST,CALUMET ST,73035,621506,TF,5,CITY,3400,,183,Granite Block,219.858335236523
337,,27851,,W COULTER ST,WARDEN DR,VAUX ST,25340,621123,B,4,CITY,3400,,50,Red Brick,1046.88158282777
338,,27882,,DUPONT ST,FLEMING ST,PECHIN ST,29580,600158,B,5,CITY,300,,66,Orange Brick,469.55272845459
339,,27883,,PECHIN ST,GREEN LA,LEVERINGTON AVE,63620,600543,TF,4,CITY,4500,,152,Red Brick (Molded),273.455431135646
340,,27911,,MANAYUNK AVE,FOUNTAIN ST,GATES ST,53120,600073,B,5,CITY,4700,,119.02,Red Brick (Molded),331.58498084573
341,,27920,,SILVERWOOD ST,FOUNTAIN ST,DELMAR ST,72880,600086,B,5,CITY,4800,,182,Red Brick (Molded),444.522346935456
342,,27972,,GATES ST,SILVERWOOD ST,PECHIN ST,36380,600077,B,5,CITY,300,,83,Yellow Brick,504.486900635917
343,,28009,,SMICK ST,FOUNTAIN ST,DEAD END NORTH,73120,600586,B,5,CITY,4800,,185,Red Brick,626.311133242964
344,,28110,,GERMANTOWN AVE,WINDRIM AVE,E BRINGHURST ST,36660,620691,B,3,STATE,4800,,87.07,Granite Block,262.883006045913
345,,28112,,GERMANTOWN AVE,WINDRIM AVE,E BRINGHURST ST,36660,621301,B,3,STATE,4900,,87.09,Granite Block,361.499793747388
346,,28122,,GERMANTOWN AVE,E BRINGHURST ST,CHURCH LN,36660,720548,B,3,STATE,5300,,88.03,Granite Block,42.0037893445357
347,,28123,,GERMANTOWN AVE,E BRINGHURST ST,CHURCH LN,36660,720529,B,3,STATE,5300,,88.04,Granite Block,450.181737682866
348,,28148,,GERMANTOWN AVE,W ERIE AVE,W HUNTING PARK AVE,36660,620354,B,3,STATE,3900,,86.06,Granite Block,477.468024861523
349,,28150,,GERMANTOWN AVE,W ERIE AVE,W HUNTING PARK AVE,36660,620349,B,3,STATE,4000,,86.07,Granite Block,576.901344403299
350,,28203,,GERMANTOWN AVE,WINDRIM AVE,E BRINGHURST ST,36660,621780,B,3,STATE,4900,,87.08,Granite Block,51.4449261376029
351,,29231,,ALLENGROVE ST,HORROCKS ST,OAKLAND ST,12120,760032,FT,5,CITY,1200,,5,Red Brick,503.688956608491
352,,30019,,OLD YORK RD,WINDRIM AVE,W DUNCANNON AVE,61300,740072,B,4,CITY,5100,,141.02,Granite Block,354.911085103584
353,,30027,,N MARVINE ST,WAGNER AVE,W SOMERVILLE AVE,54140,741186,TF,5,CITY,5300,,123,Red Brick,393.792407532532
354,,30037,,OLD YORK RD,WINDRIM AVE,W DUNCANNON AVE,61300,741213,B,4,CITY,5000,,141.01,Granite Block,122.5306869164
355,,30038,,OLD YORK RD,WINDRIM AVE,W DUNCANNON AVE,61300,741209,B,4,CITY,5100,,141.03,Granite Block,330.630149431372
356,,30049,,N CAMAC ST,W FISHER AVE,W SOMERVILLE AVE,20980,741245,FT,5,CITY,5300,,28,Red Brick,558.04089374961
357,,30797,,S 40TH ST,MARKET ST,SPRUCE ST,88590,420960,FT,4,FAM,100,,219.04,Granite Block,279.951397856464
358,,30799,,S 40TH ST,MARKET ST,SPRUCE ST,88590,420992,FT,4,FAM,200,,219.03,Granite Block,421.474782463126
359,,30829,,S 40TH ST,MARKET ST,SPRUCE ST,88590,420884,FT,4,FAM,0,,219.07,Granite Block,285.126510334615
360,,32885,,S 40TH ST,MARKET ST,SPRUCE ST,88590,420916,FT,4,FAM,0,,219.06,Granite Block,275.425046669982
361,,32886,,S 40TH ST,MARKET ST,SPRUCE ST,88590,420942,FT,4,FAM,100,,219.05,Granite Block,279.978205108244
362,,33233,,GERMANTOWN AVE,W ERIE AVE,W HUNTING PARK AVE,36660,620359,B,3,STATE,3800,,86.02,Granite Block,415.534187908947
363,,33237,,GERMANTOWN AVE,W ERIE AVE,W HUNTING PARK AVE,36660,641238,B,3,STATE,3700,,86.01,Granite Block,368.853266310011
364,,33297,,E ERIE AVE,D ST,KENSINGTON AVE,31980,641460,B,3,STATE,500,,70.01,Red Brick,1652.43637009627
365,,33327,,SAINT MARKS ST,BALTIMORE AVE,CITY BOUNDARY,74160,322871,B,5,CITY,500,,316,Granite Block,208.705429253904
366,,33715,,N 05TH ST,VINE ST,CALLOWHILL ST,87890,441917,FT,3,DRPA,0,,215.01,Granite Block (White),228.521102551853
367,,33722,,N 05TH ST,VINE ST,CALLOWHILL ST,87890,441918,TF,3,DRPA,0,,215.02,Granite Block (White),355.001110099614
368,,33724,,WOOD ST,N 02ND ST,N 05TH ST,84320,440887,TF,5,CITY,400,,210.01,Granite Block,164.003993666092
369,,33729,,N MARGINAL RD,N 04TH ST,N 05TH ST,53470,440354,TF,5,DRPA,400,,122.02,Granite Block,227.572360831877
370,,33730,,N MARGINAL RD,N 04TH ST,N 05TH ST,53470,441499,TF,5,DRPA,400,,122.01,Granite Block,176.99905481732
371,,33744,,LEHMAN LA,W PRICE ST,WISSAHICKON AVE,50020,621732,B,5,PRIVATE,0,,110,Orange Brick,727.13638095156
372,,33778,,STAMPERS ST,S 02ND ST,S 03RD ST,74300,342195,B,5,CITY,200,,188.001,Granite Block,309.227766182871
373,,33779,,STAMPERS ST,S 02ND ST,S 03RD ST,74300,342402,B,5,CITY,200,,188.002,Granite Block,203.310777072469
374,,33813,,ST JAMES ST,05TH ST,06TH ST,74100,440578,TF,5,CITY,500,,172.01,Granite Block,217.540633537364
375,,33814,,ST JAMES ST,05TH ST,06TH ST,74100,440582,TF,5,CITY,500,,172.022,Granite Block,161.645927564219
376,,33815,,ST JAMES ST,05TH ST,06TH ST,74100,441927,TF,5,CITY,500,,172.021,Granite Block,70.7688591685805
377,,33848,,ADDISON ST,S 05TH ST,S 06TH ST,11320,342409,B,5,CITY,500,,2.01,Granite Block,278.702391966213
378,,33849,,ADDISON ST,S 05TH ST,S 06TH ST,11325,342408,B,5,CITY,500,,2.02,Granite Block,182.4384248245
379,,33850,,FLORIST ST,N 04TH ST,N 05TH ST,34540,441934,B,12,DRPA,400,,77,Granite Block,405.064024802686
380,,33858,,ADDISON ST,S VAN PELT ST,S 22ND ST,11320,323419,B,12,PRIVATE,2100,,4,Granite Block,225.613193503219
381,,33882,,WOOD ST,N 02ND ST,N 05TH ST,84320,440901,TF,5,CITY,400,,210.02,Granite Block,186.028701877711
382,,33937,,N BODINE ST,VINE ST,CALLOWHILL ST,18100,441946,B,12,PRIVATE,300,,16,Granite Block,192.064058526615
383,,33939,,WOOD ST,N 02ND ST,N 05TH ST,84320,441950,TF,5,CITY,200,,210.06,Granite Block,177.732568530858
384,,33941,,WOOD ST,N 02ND ST,N 05TH ST,84320,441949,TF,5,CITY,200,,210.05,Granite Block,124.443100218564
385,,34001,,DELANCEY ST,S 03RD ST,S 04TH ST,27980,342426,FT,5,CITY,300,,63.02,Granite Block,185.574078396557
386,,34002,,DELANCEY ST,S 03RD ST,S 04TH ST,27980,342427,FT,5,CITY,300,,63.01,Granite Block,255.83495562082
387,,34050,,S CAMAC ST,LUDLOW ST,CLOVER ST,21000,441970,B,5,CITY,0,,29,Granite Block,120.046728583109
388,,34287,,CANTON ST,LEVERINGTON AVE,WRIGHT ST,21180,600523,B,5,CITY,4600,,32,Granite Block,867.308617994563
389,,34310,,N JESSUP ST,W STILES ST,W THOMPSON ST,46120,442008,B,5,CITY,1200,,313,Granite Block,303.672155651419
390,,34752,,S LEITHGOW ST,LOCUST ST,DEAD END NORTH,50120,441650,B,5,CITY,0,,112,Red Brick,135.772853800952
391,,34919,,CHANG ST,POPLAR ST,CITY BOUNDARY,22340,420156,B,5,CITY,900,,305,Red Brick,124.633216994459
392,,35024,,S WATER ST,CHRISTIAN ST,WASHINGTON AVE,81700,342492,B,5,CITY,900,,204,Granite Block,663.669522260976
393,,35167,,S 40TH ST,MARKET ST,SPRUCE ST,88590,423220,FT,4,FAM,200,,219.02,Granite Block,221.73137186816
394,,35168,,S 40TH ST,MARKET ST,SPRUCE ST,88590,423221,FT,4,FAM,200,,219.01,Granite Block,230.089814691343
395,,35249,,S 49TH ST,GRAYS AVE,BOTANIC AVE,88770,323480,B,5,CITY,1600,,221.02,Granite Block,289.973956994738
396,,35304,,S BONSALL ST,IONIC ST,WALNUT ST,18280,423238,B,5,CITY,100,,21,Blue Glazed Brick,212.857428168179
397,,35706,,HERMITAGE ST,UMBRIA ST,SMICK ST,42180,600033,B,5,CITY,100,,96,Granite Block,329.923001180114
398,,35856,,PANAMA ST,S 18TH ST,S 19TH ST,62880,320711,B,5,CITY,1800,,148,Granite Block,449.237822158847
399,,35916,,E WENSLEY ST,RICHMOND ST,CITY BOUNDARY,82340,543708,B,5,CITY,2800,,321,Granite Block,246.967202214542
400,,35962,,S REESE ST,LOMBARD ST,SOUTH ST,67840,340312,B,5,CITY,500,,165.01,Granite Block,116.566666339203
401,,35963,,S REESE ST,LOMBARD ST,SOUTH ST,67840,342146,B,5,CITY,500,,165.02,Granite Block,253.888992474402
402,,36001,,MONTGOMERY AVE,N 29TH ST,W SEDGLEY AVE,56760,521372,B,4,CITY,2900,,131.02,Red Brick,593.104792657161
403,,36068,,GERMANTOWN AVE,ALLENS LANE,REX AVE,36660,800134,B,3,STATE,8400,,90.18,Granite Block,533.899303114119
404,,36070,,GERMANTOWN AVE,ALLENS LANE,REX AVE,36660,800121,B,3,STATE,8600,,90.2,Granite Block,274.11315553438
405,,36072,,GERMANTOWN AVE,ALLENS LANE,REX AVE,36660,800128,B,3,STATE,8500,,90.19,Granite Block,344.68868905739
406,,36165,,DOCK ST,S CHRIS COLUMBUS BLV,WALNUT ST,28780,440653,B,3,FAM,0,,65.02,Granite Block,193.532015896197
407,,36227,,RENO ST,N 05TH ST,LAWRENCE ST,68000,440274,B,5,CITY,400,,167.02,Granite Block,141.937718943867
408,,36229,,RENO ST,N 05TH ST,LAWRENCE ST,68000,440272,B,5,CITY,400,,167.01,Granite Block,168.542634753813
409,,36234,,MYRTLE ST,N LAWRENCE ST,N 05TH ST,57700,441020,B,5,CITY,400,,134.01,Blue Glazed Brick,171.133473447234
410,,36235,,N ORKNEY ST,MYRTLE ST,DEAD END SOUTH,61660,441261,B,5,CITY,800,,145.02,Granite Block,385.502892007048
411,,36236,,MYRTLE ST,N LAWRENCE ST,N 05TH ST,57700,441021,B,5,CITY,400,,134.02,Granite Block,134.537456046565
412,,36238,,N ORKNEY ST,MYRTLE ST,DEAD END SOUTH,61660,441263,B,5,CITY,800,,145.01,Granite Block,161.161402512787
413,,36239,,RENO ST,LAWRENCE ST,LEITHGOW ST,68000,440276,B,5,CITY,400,,167.03,Granite Block,122.204886243779
414,,36240,,N LEITHGOW ST,PARRISH ST,DEAD END SOUTH,50100,441396,B,5,CITY,800,,111.01,Granite Block,157.758572851073
415,,36246,,LAWRENCE CT,CYPRESS ST,PINE ST,49655,342420,FT,5,CITY,300,,109.01,Granite Block,211.472443034327
416,,36247,,LAWRENCE CT,CYPRESS ST,PINE ST,49655,342421,FT,5,CITY,300,,109.02,Granite Block,140.832552971037
417,,36272,,WILLINGS ALY,S 03RD ST,S 04TH ST,83380,442119,B,5,CITY,300,,206.002,Granite Block,170.931975265693
418,,36273,,WILLINGS ALY,S 03RD ST,S 04TH ST,83380,442120,B,5,CITY,300,,206.001,Granite Block,275.460693246384
419,,36462,,SHAMOKIN ST,RIDGE AVE,N 11TH ST,72140,442132,FT,5,CITY,1000,,317,Red Brick,337.285892000017
420,,36498,,HERMITAGE ST,SMICK ST,SILVERWOOD ST,42180,600687,B,5,CITY,200,,97.02,Granite Block,138.362739382817
421,,36499,,HERMITAGE ST,SMICK ST,SILVERWOOD ST,42180,600686,B,5,CITY,200,,97.01,Granite Block,158.359610916642
422,,36695,,NAUDAIN ST,S FRONT ST,OLD SECOND ST,59060,342552,B,5,CITY,100,,135.002,Granite Block,259.80089371981
423,,36696,,NAUDAIN ST,S FRONT ST,OLD SECOND ST,59060,342553,B,5,CITY,100,,135.001,Granite Block,162.690101974435
424,,36848,,S 02ND ST,PINE ST,LOMBARD ST,87840,340259,FT,3,FAM,0,,214.02,Granite Block,195.510666392777
425,,36852,,S 02ND ST,PINE ST,LOMBARD ST,87840,342194,TF,3,FAM,400,,214.03,Granite Block,383.841972192532
426,,36854,,S 02ND ST,PINE ST,LOMBARD ST,87840,340260,FT,3,FAM,0,,214.01,Granite Block,190.172300288882
427,,36894,,N FRONT ST,ELLEN ST,GREEN ST,35200,441025,B,4,FAM,700,,79.02,Granite Block,170.393953822434
428,,36895,,N FRONT ST,ELLEN ST,GREEN ST,35200,441024,B,4,FAM,700,,79.03,Granite Block,214.128436396855
429,,36898,,SALTER ST,S 02ND ST,MASCHER ST,70800,342413,B,5,PRIVATE,100,,175,Granite Block,103.965123477285
430,,36964,,QUINCE ST,WALNUT ST,SPRUCE ST,66560,440567,FT,5,CITY,200,,159.04,Granite Block,134.390709619191
431,,36966,,S JESSUP ST,LOCUST ST,DEAD END SOUTH,46140,440568,B,5,CITY,200,,104.03,Red Brick,135.240295379362
432,,36989,,RODMAN ST,S 15TH ST,DEAD END EAST OF LAWRENCE,69080,323417,B,5,CITY,1400,,169,Granite Block,193.647694550705
433,,37062,,RECTOR ST,MAIN ST,DEAD END WEST,67620,600386,B,5,CITY,0,,161,Granite Block,220.931959261107
434,,37065,,PORT ROYAL AVE,NIXON ST,EVA ST,65340,700591,B,5,CITY,100,,156,Granite Block,4369.25103389969
435,,37072,,S CLIFTON ST,BAINBRIDGE ST,CATHARINE ST,23860,342056,B,5,PRIVATE,700,,48.03,Granite Block,362.220534080514
436,,37463,,S FAIRHILL ST,BAINBRIDGE ST,FITZWATER ST,33260,342563,B,5,CITY,700,,74.01,Granite Block,82.7886221514201
437,,37648,,MINTZER ST,CITY BOUNDARY,BROWN ST,56420,441408,B,5,CITY,700,,314,Granite Block,222.037931437702
438,,37649,,BREAD ST,NEW ST,DEAD END SOUTH,18720,441186,B,5,CITY,200,,25,Blue Glazed Brick,183.842565770618
439,,37676,,S AMERICAN ST,CARPENTER ST,WASHINGTON AVE,12460,342054,B,5,PRIVATE,1000,,10,Orange Brick,228.830578702178
440,,37708,,S HOLLY ST,CHESTER AVE,DEAD END NORTH,43160,322819,B,5,CITY,500,,99,Red Brick,323.89805703009
441,,37711,,RING ST,MAIN ST,DEAD END NORTH,68420,600669,B,5,CITY,100,,168,Granite Block,110.917220671397
442,,37737,,PEARL ST,CITY BOUNDARY,N 15TH ST,63560,422198,B,5,CITY,1400,,315,Granite Block,152.898062722429
443,,37801,,N LEITHGOW ST,PARRISH ST,DEAD END SOUTH,50100,441124,B,5,CITY,800,,111.02,Granite Block,200.145514597815
444,,38032,,WOOD ST,N 02ND ST,N 05TH ST,84320,440888,TF,5,CITY,300,,210.03,Granite Block,220.726661723242
445,,38033,,N ORIANNA ST,VINE ST,WOOD ST,61580,441757,FT,5,CITY,300,,143,Granite Block,193.585562751011
446,,38092,,CRESSON ST,ROXBOROUGH AVE,LEVERING ST,25840,600581,B,4,CITY,4300,,51,Granite Block,253.408017408082
447,,38166,,S REESE ST,DEAD END NORTH,QUEEN ST,67840,342583,B,5,CITY,700,,166,Granite Block,121.66245498561
448,,38382,,BENJAMIN FRANKLIN BRG ACCESS RD,N 04TH ST,DEAD END EAST,1015,442197,B,12,DRPA,0,,14.03,Granite Block,261.404433765868
449,,38385,,BENJAMIN FRANKLIN BRG ACCESS RD,N 04TH ST,DEAD END EAST,1015,442196,B,12,DRPA,0,,14.02,Granite Block,547.39008751754
450,,38388,,BENJAMIN FRANKLIN BRG ACCESS RD,N 04TH ST,DEAD END EAST,1015,442195,B,12,DRPA,0,,14.01,Granite Block,448.613754343274
451,,38391,,CHANCELLOR ST,S 21ST ST,DEAD END WEST,22300,423423,B,5,PRIVATE,2100,,40.02,Granite Block,182.25489805557
452,,38392,,CHURCH ST,N AMERICAN ST,N 02ND ST,23140,442201,B,12,PRIVATE,200,,47.02,Granite Block,177.200370756939
453,,38393,,S JESSUP ST,LOCUST ST,DEAD END SOUTH,46140,440609,B,5,CITY,200,,104.01,Red Brick,80.8421062543765
454,,38394,,S JESSUP ST,LOCUST ST,DEAD END SOUTH,46140,440588,B,5,CITY,200,,104.02,Red Brick,109.098031036897
455,,38395,,QUINCE ST,WALNUT ST,SPRUCE ST,66560,440602,FT,5,CITY,200,,159.01,Granite Block,46.3486191523334
456,,38396,,QUINCE ST,WALNUT ST,SPRUCE ST,66560,440586,FT,5,CITY,200,,159.03,Granite Block,110.845299680387
457,,38397,,IRVING ST,QUINCE ST,S JESSUP ST,45060,441196,B,5,CITY,1100,,103.01,Granite Block,89.2627247074444
458,,38398,,IRVING ST,QUINCE ST,S JESSUP ST,45060,442203,B,12,PRIVATE,1200,,103.02,Granite Block,43.5018291354845
459,,38403,,LELAND ST,WYLIE ST,DEAD END WEST,50140,423428,B,12,PHA,800,,113.11,Granite Block,180.124007156177
460,,38404,,LELAND ST,WYLIE ST,DEAD END WEST,50140,423429,B,12,PHA,800,,113.12,Granite Block,82.5203509466601
461,,38405,,LITTLE BOYS CT,ARCH ST,CUTHBERT ST,51180,441935,B,12,PRIVATE,0,,115,Granite Block,246.196592706954
462,,38408,,WOOD ST,N 02ND ST,N 05TH ST,84320,442208,TF,5,CITY,300,,210.042,Granite Block,121.504459966331
463,,38409,,WOOD ST,N 02ND ST,N 05TH ST,84320,442207,TF,5,CITY,300,,210.041,Granite Block,103.653594453224
464,,38412,,SAINT CHARLES PL,VINE ST,WOOD ST,1350,442211,FT,5,PRIVATE,300,,170,Granite Block,192.770626381783
465,,38416,,WISTER ALY,N 03RD ST,DEAD END WEST,3285,442216,B,6,PRIVATE,300,,209,Granite Block,203.435387297061
466,,38418,,SHAWMONT AVE,N SCHUYLKILL RIVER TRL,SHAWMONT AVE,72300,700602,B,5,CITY,0,,179,Granite Block,203.922063097226
467,,38423,,SAINT JAMES WALK,DEAD END EAST,DEAD END WEST,1355,442219,B,12,PRIVATE,200,,171,Cobblestone,238.952626719223
468,,38477,,FULTON ST,S 06TH ST,DEAD END WEST,35340,342585,B,5,CITY,600,,81.02,Red Brick,94.7717749658165
469,,38723,,S 49TH ST,GRAYS AVE,BOTANIC AVE,88770,323482,B,5,CITY,1700,,221.01,Granite Block,711.565261660721
470,,39189,,GERMANTOWN AVE,ALLENS LANE,REX AVE,36660,820909,B,3,STATE,7500,,90.03,Granite Block,329.494155524144
471,,39592,,N CARLISLE ST,LINDLEY AVE,W SOMERVILLE AVE,21400,721965,B,5,CITY,5300,,33.03,Red Brick,565.780583980581
472,,39921,,ERRINGER PL,W CLAPIER ST,MANHEIM ST,32080,621679,B,5,CITY,5000,,72,Red Brick,708.844667101141
473,,217,,N BOUVIER ST,NORTH ST,FAIRMOUNT AVE,18500,420370,B,5,CITY,600,,302.01,Granite Block,151.321773982738
474,,218,,N BOUVIER ST,NORTH ST,FAIRMOUNT AVE,18500,420345,B,5,CITY,600,,302.02,Cobblestone,96.5535023407578
475,,351,,CAMERON ST,FRANCIS ST,WYLIE ST,21100,421507,B,5,CITY,800,,304,Red Brick,376.465428230018
476,,391,,CARLTON ST,N 18TH ST,N 19TH ST,21440,420714,FT,5,CITY,1800,,35,Granite Block,443.379353461132
477,,471,,WALDEN ST,N 21ST ST,N 22ND ST,81000,421413,B,5,CITY,2100,,199,Granite Block,447.423972521349
478,,491,,N CROSKEY ST,ARCH ST,CHERRY ST,26080,421404,FT,5,CITY,100,,53,Granite Block,340.890294974563
479,,735,,CHANCELLOR ST,S BONSALL ST,S 24TH ST,22300,421253,B,5,CITY,2300,,41,Red Brick,144.38610376751
480,,737,,S BONSALL ST,CHANCELLOR ST,LOCUST ST,18280,421254,B,5,CITY,200,,22,Red Brick,257.832700224662
481,,764,,N HICKS ST,RACE ST,SPRING ST,42400,422322,B,5,CITY,200,,98,Granite Block,175.571355835489
482,,860,,ARMORY ST,S 23RD ST,S 24TH ST,13260,421292,B,5,CITY,2300,,11,Granite Block,290.934084338041
483,,872,,LELAND ST,POPLAR ST,VINEYARD ST,50140,421573,B,5,CITY,800,,113.02,Granite Block,150.540860252749
484,,912,,W FLORA ST,N 27TH ST,N 28TH ST,34500,421647,B,5,CITY,2700,,310.03,Granite Block,131.934671886809
485,,913,,N ETTING ST,W FLORA ST,W STILES ST,32320,421645,B,5,CITY,1200,,309,Red Brick,216.541311066127
486,,915,,W FLORA ST,N 27TH ST,N 28TH ST,34500,421646,B,5,CITY,2700,,310.02,Granite Block,131.201603259681
487,,918,,W FLORA ST,N 27TH ST,N 28TH ST,34500,421644,B,5,CITY,2700,,310.01,Granite Block,139.685400973171
