OBJECTID_12,OBJECTID_1,OBJECTID,GIS_STREET,ON_STREET,FROM_STREE,TO_STREET,ST_CODE,SEG_ID,ONEWAY,CLASS,RESPONSIBL,L_HUNDRED,R_HUNDRED,BLOCKNUMBE,PRIMARYROA
1,,220,,N BOUVIER ST,NORTH ST,FAIRMOUNT AVE,18500,420370,B,5, ,600,,302.01,Granite Block
2,,221,,N BOUVIER ST,NORTH ST,FAIRMOUNT AVE,18500,420345,B,5, ,600,,302.02,Cobblestone
3,,354,,CAMERON ST,FRANCIS ST,WYLIE ST,21100,421507,B,5, ,800,,304,Red Brick
4,,394,,CARLTON ST,N 18TH ST,N 19TH ST,21440,420714,FT,5, ,1800,,35,Granite Block
5,,477,,WALDEN ST,N 21ST ST,N 22ND ST,81000,421413,B,5, ,2100,,199,Granite Block
6,,497,,N CROSKEY ST,ARCH ST,CHERRY ST,26080,421404,FT,5, ,100,,53,Granite Block
7,,741,,CHANCELLOR ST,S BONSALL ST,S 24TH ST,22300,421253,B,5, ,2300,,41,Red Brick
8,,743,,S BONSALL ST,CHANCELLOR ST,LOCUST ST,18280,421254,B,5, ,200,,22,Red Brick
9,,770,,N HICKS ST,RACE ST,SPRING ST,42400,422322,B,5, ,200,,98,Granite Block
10,,866,,ARMORY ST,S 23RD ST,S 24TH ST,13260,421292,B,5, ,2300,,11,Granite Block
11,,878,,LELAND ST,POPLAR ST,VINEYARD ST,50140,421573,B,5, ,800,,113.02,Granite Block
12,,918,,W FLORA ST,N 27TH ST,N 28TH ST,34500,421647,B,5, ,2700,,310.03,Granite Block
13,,919,,N ETTING ST,W FLORA ST,W STILES ST,32320,421645,B,5, ,1200,,309,Red Brick
14,,921,,W FLORA ST,N 27TH ST,N 28TH ST,34500,421646,B,5, ,2700,,310.02,Granite Block
15,,924,,W FLORA ST,N 27TH ST,N 28TH ST,34500,421644,B,5, ,2700,,310.01,Granite Block
16,,1299,,CHERRY ST,N 23RD ST,DEAD END WEST,22740,422197,B,5, ,2300,,43,Granite Block
17,,1301,,LATIMER ST,S 21ST ST,DEAD END,49280,422968,B,5, ,2000,,106,Granite Block
18,,1309,,CARLTON ST,N 15TH ST,DEAD END EAST,21440,422005,B,5, ,1400,,34,Red Brick
19,,1353,,CUTHBERT ST,N 22ND ST,N 23RD ST,26520,422911,B,5, ,2200,,56,Granite Block
20,,1362,,ST JAMES ST,S 22ND ST,DEAD END EAST,74100,422970,B,12,PRIVATE,2100,,174,Blue Stone Slab
21,,1363,,CHANCELLOR ST,S 21ST ST,S 22ND ST,22300,422972,B,5, ,2100,,40.01,Granite Block
22,,1423,,WAVERLY ST,S CARLISLE ST,S 15TH ST,81860,320677,B,5, ,1400,,205,Blue Glazed Brick
23,,1432,,DELANCEY ST,S 16TH ST,DEAD END,27980,323004,B,5, ,1500,,64,Blue Glazed Brick
24,,1437,,S CHADWICK ST,CYPRESS ST,PINE ST,22180,320710,B,5, ,300,,37,Granite Block
25,,1561,,PANAMA ST,S 24TH ST,S 25TH ST,62880,320804,FT,5, ,2400,,149,Granite Block
26,,1562,,PANAMA ST,S 25TH ST,S 26TH ST,62880,320806,FT,5, ,2500,,150,Granite Block
27,,2051,,S WOODSTOCK ST,WHARTON ST,REED ST,84600,322214,TF,5, ,1300,,324,Granite Block
28,,4584,,MONTGOMERY AVE,N 29TH ST,W SEDGLEY AVE,56760,521069,B,4, ,3000,,131.01,Red Brick
29,,5308,,N 18TH ST,W GLENWOOD AVE,W LEHIGH AVE,88130,520839,B,4, ,2600,,301,Granite Block
30,,6382,,E ERIE AVE,D ST,KENSINGTON AVE,31980,641501,B,3,STATE,800,,70.02,Red Brick
31,,6383,,E ERIE AVE,D ST,KENSINGTON AVE,31980,641495,B,3,STATE,1000,,70.05,Red Brick
32,,6384,,E ERIE AVE,D ST,KENSINGTON AVE,31980,641489,B,3,STATE,1100,,70.06,Red Brick
33,,6385,,E ERIE AVE,D ST,KENSINGTON AVE,31980,641485,B,3,STATE,1100,,70.07,Red Brick
34,,6386,,E ERIE AVE,D ST,KENSINGTON AVE,31980,641483,B,3,STATE,1100,,70.08,Red Brick
35,,6394,,E ERIE AVE,D ST,KENSINGTON AVE,31980,641497,B,3,STATE,1000,,70.04,Red Brick
36,,6395,,E ERIE AVE,D ST,KENSINGTON AVE,31980,641499,B,3,STATE,1000,,70.03,Red Brick
37,,6602,,E ERIE AVE,D ST,KENSINGTON AVE,31980,641481,B,3,STATE,1200,,70.09,Red Brick
38,,6605,,E ERIE AVE,D ST,KENSINGTON AVE,31980,641461,B,3,STATE,1400,,70.13,Red Brick
39,,6610,,E ERIE AVE,D ST,KENSINGTON AVE,31980,641477,B,3,STATE,1300,,70.1,Red Brick
40,,6611,,E ERIE AVE,D ST,KENSINGTON AVE,31980,641472,B,3,STATE,1300,,70.11,Red Brick
41,,6612,,E ERIE AVE,D ST,KENSINGTON AVE,31980,641466,B,3,STATE,1300,,70.12,Red Brick
42,,6888,,HAWORTH ST,COTTAGE ST,DITMAN ST,41260,660477,B,5, ,1900,,94,Red Brick
43,,7066,,E ERIE AVE,D ST,KENSINGTON AVE,31980,641455,B,3,STATE,1500,,70.14,Red Brick
44,,7068,,E ERIE AVE,D ST,KENSINGTON AVE,31980,641449,B,3,STATE,1600,,70.15,Red Brick
45,,7437,,FARINA ST,PENN ST,GRISCOM ST,33480,660957,TF,5,PRIVATE,1500,,75,Granite Block
46,,7465,,GILLINGHAM ST,N PENN ST,GRISCOM ST,36940,660390,B,5, ,1500,,311,Red Brick
47,,7768,,BRIDGE ST,GARDEN ST,CITY BOUNDARY,18800,660060,B,5, ,2900,,303,Granite Block
48,,8073,,GERMANTOWN AVE,CHURCH LN,ALLENS LANE,36660,720532,B,3,STATE,0,,89.1,Granite Block
49,,8074,,GERMANTOWN AVE,CHURCH LN,ALLENS LANE,36660,720530,B,3,STATE,6000,,89.11,Granite Block
50,,8075,,GERMANTOWN AVE,CHURCH LN,ALLENS LANE,36660,720476,B,3,STATE,6100,,89.13,Granite Block
51,,8076,,GERMANTOWN AVE,CHURCH LN,ALLENS LANE,36660,720485,B,3,STATE,6100,,89.12,Granite Block
52,,8078,,GERMANTOWN AVE,CHURCH LN,ALLENS LANE,36660,720470,B,3,STATE,6100,,89.14,Granite Block
53,,8080,,GERMANTOWN AVE,CHURCH LN,ALLENS LANE,36660,720521,B,3,STATE,5800,,89.07,Granite Block
54,,8200,,BURBRIDGE ST,W WASHINGTON LA,W DUVAL ST,19800,720488,FT,5, ,6300,,27,Red Brick
55,,8201,,GERMANTOWN AVE,CHURCH LN,ALLENS LANE,36660,720467,B,3,STATE,6100,,89.15,Granite Block
56,,8203,,GERMANTOWN AVE,CHURCH LN,ALLENS LANE,36660,720463,B,3,STATE,6200,,89.16,Granite Block
57,,8223,,GERMANTOWN AVE,CHURCH LN,ALLENS LANE,36660,720458,B,3,STATE,6300,,89.18,Granite Block
58,,8226,,GERMANTOWN AVE,CHURCH LN,ALLENS LANE,36660,720457,B,3,STATE,6300,,89.19,Granite Block
59,,8230,,GERMANTOWN AVE,CHURCH LN,ALLENS LANE,36660,720459,B,3,STATE,6300,,89.17,Granite Block
60,,8232,,GERMANTOWN AVE,CHURCH LN,ALLENS LANE,36660,720385,B,3,STATE,6400,,89.2,Granite Block
61,,8241,,GERMANTOWN AVE,CHURCH LN,ALLENS LANE,36660,720418,B,3,STATE,6500,,89.23,Granite Block
62,,8242,,GERMANTOWN AVE,CHURCH LN,ALLENS LANE,36660,720428,B,3,STATE,0,,89.24,Granite Block
63,,8243,,GERMANTOWN AVE,CHURCH LN,ALLENS LANE,36660,720383,B,3,STATE,6500,,89.22,Granite Block
64,,8244,,GERMANTOWN AVE,CHURCH LN,ALLENS LANE,36660,720384,B,3,STATE,6400,,89.21,Granite Block
65,,8246,,GERMANTOWN AVE,CHURCH LN,ALLENS LANE,36660,720382,B,3,STATE,6500,,89.25,Granite Block
66,,8271,,GERMANTOWN AVE,CHURCH LN,ALLENS LANE,36660,720365,B,3,STATE,6600,,89.28,Granite Block
67,,8272,,GERMANTOWN AVE,CHURCH LN,ALLENS LANE,36660,720364,B,3,STATE,6500,,89.27,Granite Block
68,,8273,,GERMANTOWN AVE,CHURCH LN,ALLENS LANE,36660,720381,B,3,STATE,6500,,89.26,Granite Block
69,,8492,,GERMANTOWN AVE,ALLENS LANE,REX AVE,36660,820537,B,3,STATE,7400,,90.02,Granite Block
70,,8547,,W DUVAL ST,GREENE ST,SHERMAN ST,29740,720434,B,5, ,300,,67,Orange Brick
71,,8551,,SHERMAN ST,W WASHINGTON LA,W JOHNSON ST,72580,720435,B,5, ,6300,,180.02,Orange Brick
72,,8553,,MOYLAN ST,W WASHINGTON LA,W POMONA ST,57380,720439,B,5, ,6300,,133,Red Brick
73,,8560,,SHERMAN ST,W WASHINGTON LA,W JOHNSON ST,72580,720442,B,5, ,6300,,180.01,Orange Brick
74,,8726,,GERMANTOWN AVE,CHURCH LN,ALLENS LANE,36660,720359,B,3,STATE,6600,,89.29,Granite Block
75,,8737,,GERMANTOWN AVE,CHURCH LN,ALLENS LANE,36660,720357,B,3,STATE,6600,,89.3,Granite Block
76,,8738,,GERMANTOWN AVE,CHURCH LN,ALLENS LANE,36660,720356,B,3,STATE,6600,,89.31,Granite Block
77,,8739,,GERMANTOWN AVE,CHURCH LN,ALLENS LANE,36660,720354,B,3,STATE,6600,,89.32,Granite Block
78,,8741,,GERMANTOWN AVE,CHURCH LN,ALLENS LANE,36660,720350,B,3,STATE,6700,,89.33,Granite Block
79,,8743,,GERMANTOWN AVE,CHURCH LN,ALLENS LANE,36660,720147,B,3,STATE,6900,,89.37,Granite Block
80,,8745,,GERMANTOWN AVE,CHURCH LN,ALLENS LANE,36660,720332,B,3,STATE,6700,,89.36,Granite Block
81,,8804,,GERMANTOWN AVE,CHURCH LN,ALLENS LANE,36660,720145,B,3,STATE,6900,,89.38,Granite Block
82,,8806,,GERMANTOWN AVE,CHURCH LN,ALLENS LANE,36660,720142,B,3,STATE,7000,,89.39,Granite Block
83,,8814,,GERMANTOWN AVE,CHURCH LN,ALLENS LANE,36660,720132,B,3,STATE,7200,,89.44,Granite Block
84,,8815,,GERMANTOWN AVE,CHURCH LN,ALLENS LANE,36660,720133,B,3,STATE,7200,,89.43,Granite Block
85,,8816,,GERMANTOWN AVE,CHURCH LN,ALLENS LANE,36660,720135,B,3,STATE,7100,,89.42,Granite Block
86,,8818,,GERMANTOWN AVE,CHURCH LN,ALLENS LANE,36660,720136,B,3,STATE,7100,,89.41,Granite Block
87,,8819,,GERMANTOWN AVE,CHURCH LN,ALLENS LANE,36660,720137,B,3,STATE,7100,,89.4,Granite Block
88,,8835,,GERMANTOWN AVE,CHURCH LN,ALLENS LANE,36660,720131,B,3,STATE,7200,,89.45,Granite Block
89,,8837,,GERMANTOWN AVE,ALLENS LANE,REX AVE,36660,720160,B,3,STATE,7300,,90.01,Granite Block
90,,8849,,WINSTON RD,GERMANTOWN AVE,MERMAID LA,83880,820535,B,4, ,7600,,208,Granite Block
91,,8850,,GERMANTOWN AVE,ALLENS LANE,REX AVE,36660,820704,B,3,STATE,7600,,90.06,Granite Block
92,,8853,,GERMANTOWN AVE,ALLENS LANE,REX AVE,36660,820536,B,3,STATE,7600,,90.05,Granite Block
93,,8854,,E MERMAID LN,GERMANTOWN AVE,WINSTON RD,55660,820516,B,4, ,0,,129.01,Granite Block
94,,8856,,GERMANTOWN AVE,ALLENS LANE,REX AVE,36660,820703,B,3,STATE,7700,,90.07,Granite Block
95,,8863,,GERMANTOWN AVE,ALLENS LANE,REX AVE,36660,820019,B,3,STATE,7600,,90.04,Granite Block
96,,8953,,MEADOWBROOK AVE,STROUD ST,ERDENHEIM ST,55060,800066,B,5, ,9400,,127.01,Granite Block
97,,8958,,GERMANTOWN AVE,ALLENS LANE,REX AVE,36660,800188,B,3,STATE,7900,,90.11,Granite Block
98,,9034,,GERMANTOWN AVE,ALLENS LANE,REX AVE,36660,800112,B,2,FAM,8600,,90.21,Granite Block
99,,9046,,GERMANTOWN AVE,ALLENS LANE,REX AVE,36660,800138,B,3,STATE,8300,,90.17,Granite Block
100,,9049,,GERMANTOWN AVE,ALLENS LANE,REX AVE,36660,800140,B,3,STATE,8200,,90.16,Granite Block
101,,9050,,GERMANTOWN AVE,ALLENS LANE,REX AVE,36660,800150,B,3,STATE,8200,,90.15,Granite Block
102,,9052,,GERMANTOWN AVE,ALLENS LANE,REX AVE,36660,820698,B,3,STATE,7900,,90.1,Granite Block
103,,9053,,GERMANTOWN AVE,ALLENS LANE,REX AVE,36660,820037,B,3,STATE,7800,,90.08,Granite Block
104,,9058,,GERMANTOWN AVE,ALLENS LANE,REX AVE,36660,800164,B,3,STATE,8100,,90.14,Granite Block
105,,9073,,GERMANTOWN AVE,ALLENS LANE,REX AVE,36660,800171,B,3,STATE,8000,,90.13,Granite Block
106,,9074,,GERMANTOWN AVE,ALLENS LANE,REX AVE,36660,800182,B,3,STATE,8000,,90.12,Granite Block
107,,9464,,MEADOWBROOK AVE,STROUD ST,ERDENHEIM ST,55060,800064,B,5, ,9500,,127.02,Granite Block
108,,9522,,GERMANTOWN AVE,CHURCH LN,ALLENS LANE,36660,720531,B,3,STATE,5900,,89.09,Granite Block
109,,9523,,GERMANTOWN AVE,CHURCH LN,ALLENS LANE,36660,720520,B,3,STATE,5900,,89.08,Granite Block
110,,9534,,GERMANTOWN AVE,ALLENS LANE,REX AVE,36660,822025,B,3,STATE,0,,90.09,Granite Block
111,,9579,,GERMANTOWN AVE,CHURCH LN,ALLENS LANE,36660,720337,B,3,STATE,6700,,89.35,Granite Block
112,,9580,,GERMANTOWN AVE,CHURCH LN,ALLENS LANE,36660,720344,B,3,STATE,6700,,89.34,Granite Block
113,,9648,,S 49TH ST,BALTIMORE AVE,CHESTER AVE,88770,320200,B,3,FAM,700,,220.09,Red Brick
114,,9649,,S 49TH ST,BALTIMORE AVE,CHESTER AVE,88770,320201,B,3,FAM,700,,220.08,Red Brick
115,,9655,,S 49TH ST,BALTIMORE AVE,CHESTER AVE,88770,320202,B,3,FAM,800,,220.07,Red Brick
116,,9659,,S 49TH ST,BALTIMORE AVE,CHESTER AVE,88770,320203,B,3,FAM,800,,220.06,Red Brick
117,,9662,,S 49TH ST,BALTIMORE AVE,CHESTER AVE,88770,320204,B,3,FAM,900,,220.05,Red Brick
118,,9838,,S 49TH ST,BALTIMORE AVE,CHESTER AVE,88770,320205,B,3,FAM,900,,220.04,Red Brick
119,,9843,,S 49TH ST,BALTIMORE AVE,CHESTER AVE,88770,320237,B,3,FAM,1000,,220.03,Red Brick
120,,9847,,S 49TH ST,BALTIMORE AVE,CHESTER AVE,88770,320238,B,3,FAM,1000,,220.02,Red Brick
121,,12025,,E STERNER ST,B ST,E GURNEY ST,74700,540936,B,5, ,300,,192,Red Brick
122,,12026,,E GURNEY ST,B ST,E LEHIGH AVE,39100,540935,FT,4, ,300,,91.01,Red Brick
123,,12048,,E GURNEY ST,B ST,E LEHIGH AVE,39100,540995,FT,4, ,300,,91.02,Red Brick
124,,12837,,W ERIE AVE,N 05TH ST,N 09TH ST,32000,641356,B,3,STATE,800,,71.01,Granite Block
125,,12839,,W ERIE AVE,N 05TH ST,N 09TH ST,32000,641361,B,3,STATE,800,,71.02,Granite Block
126,,12842,,W ERIE AVE,N 05TH ST,N 09TH ST,32000,641367,B,3,STATE,700,,71.03,Granite Block
127,,12865,,W ERIE AVE,N 05TH ST,N 09TH ST,32000,641378,B,3,STATE,600,,71.05,Granite Block
128,,12866,,W ERIE AVE,N 05TH ST,N 09TH ST,32000,641376,B,3,STATE,700,,71.04,Granite Block
129,,12872,,W ERIE AVE,N 05TH ST,N 09TH ST,32000,641401,B,3,STATE,500,,71.08,Granite Block
130,,12875,,W ERIE AVE,N 05TH ST,N 09TH ST,32000,641391,B,3,STATE,500,,71.07,Granite Block
131,,12876,,W ERIE AVE,N 05TH ST,N 09TH ST,32000,641387,B,3,STATE,600,,71.06,Granite Block
132,,13085,,E ERIE AVE,FRONT ST,B ST,31980,641393,B,3,STATE,100,,69.01,Red Brick
133,,13087,,E ERIE AVE,FRONT ST,B ST,31980,642545,B,3,STATE,100,,69.02,Red Brick
134,,13155,,W ESTAUGH ST,MASCHER ST,PALETHORP ST,32240,641765,B,5, ,100,,73,Red Brick
135,,13376,,PALETHORP ST,W ALLEGHENY AVE,W WESTMORELAND ST,62760,642212,B,5, ,3200,,146,Granite Block
136,,13658,,TRENTON AVE,FRANKFORD AVE,E LEHIGH AVE,77800,541841,B,4, ,2600,,198.12,Granite Block
137,,13659,,TRENTON AVE,FRANKFORD AVE,E LEHIGH AVE,77800,541882,B,4, ,2600,,198.11,Granite Block
138,,13818,,CORAL ST,E AUBURN ST,E WILLIAM ST,25020,541197,B,5, ,2800,,306,Granite Block
139,,14890,,SHUNK ST,S SWANSON ST,S FRONT ST,72740,240094,B,4, ,0,,319,Granite Block
140,,15420,,SIGEL ST,S 11TH ST,DEAD END WEST,72820,341455,B,5, ,1100,,181,Red Brick
141,,15663,,S DARIEN ST,REED ST,CITY BOUNDARY,27380,341046,B,5, ,1400,,307,Orange Brick
142,,15669,,REED ST,S WARNOCK ST,S 12TH ST,67780,341063,B,4, ,1000,,163.02,Granite Block
143,,15674,,REED ST,S WARNOCK ST,S 12TH ST,67780,341064,B,4, ,1000,,163.03,Granite Block
144,,15866,,PANAMA ST,S 12TH ST,S 13TH ST,62880,340143,B,5, ,1200,,147.01,Granite Block
145,,15871,,CYPRESS ST,S 12TH ST,S 13TH ST,26560,340148,B,5, ,1200,,60.01,Red Brick
146,,15873,,CYPRESS ST,S 12TH ST,S 13TH ST,26560,340149,B,5, ,1200,,60.02,Red Brick
147,,15875,,CYPRESS ST,S 12TH ST,S 13TH ST,26560,340151,B,5, ,1200,,60.04,Red Brick
148,,15877,,CYPRESS ST,S 12TH ST,S 13TH ST,26560,340150,B,5, ,1200,,60.03,Red Brick
149,,15878,,PANAMA ST,S 12TH ST,S 13TH ST,62880,341963,B,5, ,1200,,147.03,Granite Block
150,,15880,,PANAMA ST,S 12TH ST,S 13TH ST,62880,340144,B,5, ,1200,,147.02,Granite Block
151,,15908,,PANAMA ST,S 12TH ST,S 13TH ST,62880,340145,B,5, ,1200,,147.04,Granite Block
152,,15925,,BAINBRIDGE ST,S 11TH ST,S 12TH ST,15460,340345,TF,4,FAM,1100,,12.02,Granite Block
153,,15935,,REED ST,S WARNOCK ST,S 12TH ST,88020,341062,B,4, ,1300,,163.01,Granite Block
154,,15947,,BAINBRIDGE ST,S 11TH ST,S 12TH ST,15460,340344,TF,4,FAM,1100,,12.01,Granite Block
155,,15948,,BAINBRIDGE ST,S 11TH ST,S 12TH ST,15460,341979,TF,4,FAM,1100,,12.03,Granite Block
156,,15958,,BAINBRIDGE ST,S 11TH ST,S 12TH ST,15460,340349,TF,4,FAM,1100,,12.04,Granite Block
157,,15971,,S CLIFTON ST,BAINBRIDGE ST,CATHARINE ST,23860,340613,B,5, ,800,,48.01,Granite Block
158,,15973,,S CLIFTON ST,BAINBRIDGE ST,CATHARINE ST,23860,342057,B,5,PRIVATE,700,,48.02,Granite Block
159,,16033,,S PERTH ST,ADDISON ST,LOMBARD ST,64380,340204,B,5, ,400,,153,Yellow Brick
160,,16135,,FULTON ST,S 06TH ST,S 07TH ST,35340,340467,B,5, ,600,,81.01,Red Brick
161,,16155,,CYPRESS ST,S 06TH ST,S 07TH ST,26560,340219,FT,5, ,600,,59,Granite Block
162,,16169,,BRADFORD ALY,S 07TH ST,DEAD END WEST,18670,340306,B,5, ,700,,23.01,Granite Block
163,,16176,,BRADFORD ALY,S 07TH ST,DEAD END WEST,18670,340307,B,5, ,700,,23.02,Granite Block
164,,16202,,S REESE ST,CYPRESS ST,DELANCEY ST,67840,340220,B,5, ,300,,164,Red Brick
165,,16203,,CYPRESS ST,S 05TH ST,S 06TH ST,26560,340223,FT,5, ,500,,58.02,Granite Block
166,,16204,,CYPRESS ST,S 05TH ST,S 06TH ST,26560,340222,FT,5, ,500,,58.01,Granite Block
167,,16219,,S FAIRHILL ST,BAINBRIDGE ST,FITZWATER ST,33260,340451,B,5, ,700,,74.02,Granite Block
168,,16232,,KATER ST,S ORIANNA ST,S 04TH ST,47080,340278,B,5, ,300,,105,Granite Block
169,,16237,,S ORIANNA ST,BAINBRIDGE ST,SOUTH ST,61600,340279,B,5, ,600,,144.01,Granite Block
170,,16256,,CYPRESS ST,S 04TH ST,LAWRENCE CT,26560,340238,B,5, ,400,,57,Granite Block
171,,16356,,ADDISON ST,S 06TH ST,S 07TH ST,11320,340203,B,5, ,600,,3,Granite Block
172,,16518,,S BODINE ST,CHRISTIAN ST,CARPENTER ST,18120,342059,B,5, ,900,,19,Red Brick
173,,16540,,DELANCEY ST,S FRONT ST,S 02ND ST,27980,340253,TF,5, ,100,,61,Granite Block
174,,16547,,DELANCEY ST,S 02ND ST,S 03RD ST,27980,342300,TF,5, ,200,,62.01,Granite Block
175,,16550,,FULTON ST,S 02ND ST,S 03RD ST,35340,342135,B,5, ,200,,80.02,Granite Block
176,,16551,,FULTON ST,S 02ND ST,S 03RD ST,35340,342220,B,5, ,200,,80.01,Granite Block
177,,16574,,S HANCOCK ST,CATHARINE ST,CHRISTIAN ST,40360,340032,B,5, ,800,,93.03,Granite Block
178,,16577,,S HANCOCK ST,CATHARINE ST,CHRISTIAN ST,40360,340033,B,5, ,800,,93.02,Granite Block
179,,16578,,DELANCEY ST,S 02ND ST,S 03RD ST,27980,342301,TF,5, ,200,,62.03,Granite Block
180,,16579,,DELANCEY ST,S 02ND ST,S 03RD ST,27980,342302,TF,5, ,200,,62.02,Granite Block
181,,16580,,S 02ND ST,SPRUCE ST,PINE ST,87840,340251,FT,3,FAM,300,,213.01,Granite Block
182,,16591,,S HANCOCK ST,CATHARINE ST,CHRISTIAN ST,40360,340035,B,5, ,800,,93.01,Granite Block
183,,16611,,ALTER ST,S FRONT ST,WASHINGTON AVE,12360,342167,B,5, ,100,,6,Blue Glazed Brick
184,,16778,,WOLF ST,WECCACOE AVE,VANDALIA ST,84260,342228,B,4, ,0,,323,Granite Block
185,,16798,,S ORIANNA ST,BAINBRIDGE ST,SOUTH ST,61600,340277,B,5, ,600,,144.02,Granite Block
186,,16811,,S AMERICAN ST,BAINBRIDGE ST,CATHARINE ST,12460,342219,B,12,PRIVATE,700,,9,Granite Block
187,,18879,,GERMANTOWN AVE,CHURCH LN,ALLENS LANE,36660,720523,B,3,STATE,5800,,89.06,Granite Block
188,,18881,,GERMANTOWN AVE,CHURCH LN,ALLENS LANE,36660,720524,B,3,STATE,5700,,89.05,Granite Block
189,,18882,,GERMANTOWN AVE,CHURCH LN,ALLENS LANE,36660,720042,B,3,STATE,5600,,89.03,Granite Block
190,,18890,,GERMANTOWN AVE,CHURCH LN,ALLENS LANE,36660,720525,B,3,STATE,5600,,89.04,Granite Block
191,,19436,,GERMANTOWN AVE,CHURCH LN,ALLENS LANE,36660,720527,B,3,STATE,5400,,89.01,Granite Block
192,,19437,,GERMANTOWN AVE,CHURCH LN,ALLENS LANE,36660,720526,B,3,STATE,5500,,89.02,Granite Block
193,,19438,,GERMANTOWN AVE,E BRINGHURST ST,CHURCH LN,36660,720528,B,3,STATE,5400,,88.05,Granite Block
194,,19499,,N CARLISLE ST,LINDLEY AVE,W SOMERVILLE AVE,21400,721123,TF,5, ,5100,,33.01,Red Brick
195,,19507,,N CARLISLE ST,LINDLEY AVE,W SOMERVILLE AVE,21400,721634,FT,5, ,5200,,33.02,Red Brick
196,,20015,,TRENTON AVE,FRANKFORD AVE,E LEHIGH AVE,77800,542072,B,4, ,2500,,198.06,Granite Block
197,,20017,,TRENTON AVE,FRANKFORD AVE,E LEHIGH AVE,77800,541982,B,4, ,2600,,198.08,Granite Block
198,,20018,,TRENTON AVE,FRANKFORD AVE,E LEHIGH AVE,77800,541946,B,4, ,2600,,198.09,Granite Block
199,,20019,,TRENTON AVE,FRANKFORD AVE,E LEHIGH AVE,77800,541903,B,4, ,2600,,198.1,Granite Block
200,,20021,,TRENTON AVE,FRANKFORD AVE,E LEHIGH AVE,77800,542115,B,4, ,2500,,198.05,Granite Block
201,,20022,,TRENTON AVE,FRANKFORD AVE,E LEHIGH AVE,77800,542175,B,4, ,2500,,198.04,Granite Block
202,,20027,,TRENTON AVE,FRANKFORD AVE,E LEHIGH AVE,77800,542216,B,4, ,2400,,198.03,Granite Block
203,,20028,,TRENTON AVE,FRANKFORD AVE,E LEHIGH AVE,77800,542258,B,4, ,2400,,198.02,Granite Block
204,,20031,,TRENTON AVE,FRANKFORD AVE,E LEHIGH AVE,77800,542322,B,4, ,2400,,198.01,Granite Block
205,,20039,,TRENTON AVE,E NORRIS ST,FRANKFORD AVE,77800,542378,B,4, ,2300,,197.07,Granite Block
206,,20040,,TRENTON AVE,E NORRIS ST,FRANKFORD AVE,77800,542400,B,4, ,2300,,197.06,Granite Block
207,,20041,,TRENTON AVE,E NORRIS ST,FRANKFORD AVE,77800,542473,B,4, ,2200,,197.05,Granite Block
208,,20049,,TRENTON AVE,E NORRIS ST,FRANKFORD AVE,77800,542570,B,4, ,2000,,197.02,Granite Block
209,,20052,,TRENTON AVE,E NORRIS ST,FRANKFORD AVE,77800,542614,B,4, ,2000,,197.01,Granite Block
210,,20382,,TRENTON AVE,FRANKFORD AVE,E LEHIGH AVE,77800,542027,B,4, ,2500,,198.07,Granite Block
211,,20665,,E SELTZER ST,ALMOND ST,EDGEMONT ST,71680,542527,B,5, ,2600,,178.02,Red Brick
212,,20667,,E SELTZER ST,ALMOND ST,EDGEMONT ST,71680,542598,B,5, ,2600,,178.03,Red Brick
213,,20677,,E SELTZER ST,ALMOND ST,EDGEMONT ST,71680,542412,B,5, ,2500,,178.01,Granite Block
214,,20889,,E WILDEY ST,FRANKFORD AVE,SHACKAMAXON ST,83200,441625,FT,5, ,100,,322.02,Granite Block
215,,20996,,E WILDEY ST,FRANKFORD AVE,SHACKAMAXON ST,83200,441624,FT,5, ,100,,322.01,Granite Block
216,,21008,,NEW MARKET ST,LAUREL ST,GERMANTOWN AVE,59520,440253,B,5, ,1000,,138.02,Granite Block
217,,21015,,N FRONT ST,ELLEN ST,GREEN ST,35200,441385,B,4,FAM,900,,79.05,Granite Block
218,,21018,,CANAL ST,POPLAR ST,LAUREL ST,21140,441312,B,5, ,900,,31,Granite Block
219,,21020,,ELLEN ST,N PENN ST,N DELAWARE AVE,31240,441028,B,5, ,0,,308,Granite Block
220,,21024,,N FRONT ST,ELLEN ST,GREEN ST,35200,440683,B,4,FAM,800,,79.04,Granite Block
221,,21031,,NOBLE ST,N FRONT ST,N CHRIS COLUMBUS BLV,59940,441570,B,5, ,0,,139,Granite Block
222,,21034,,N WATER ST,N FRONT ST,VINE ST,81680,441201,TF,5, ,400,,203,Granite Block
223,,21036,,N FRONT ST,VINE ST,SPRING GARDEN ST,35200,440703,B,5,FAM,400,,78.03,Granite Block
224,,21039,,N FRONT ST,VINE ST,SPRING GARDEN ST,35200,440704,B,5,FAM,400,,78.02,Granite Block
225,,21044,,N WATER ST,N FRONT ST,VINE ST,81680,441406,FT,5, ,300,,202,Granite Block
226,,21072,,NEW MARKET ST,LAUREL ST,GERMANTOWN AVE,59520,440264,B,5, ,1000,,138.01,Granite Block
227,,21091,,N BODINE ST,N AMERICAN ST,W WI LDEY ST,18100,440255,FT,5, ,900,,17,Granite Block
228,,21433,,NOBLE ST,N 10TH ST,N 11TH ST,59940,441434,B,5, ,1000,,140.01,Granite Block
229,,21443,,NOBLE ST,N 10TH ST,N 11TH ST,59940,441435,B,5, ,1000,,140.02,Granite Block
230,,21458,,HAMILTON ST,N 10TH ST,RIDGE AVE,40180,440346,B,5, ,1000,,92,Granite Block
231,,21565,,QUARRY ST,N 02ND ST,N 03RD ST,66440,440920,B,5, ,200,,158.02,Granite Block
232,,21567,,QUARRY ST,N FRONT ST,N 02ND ST,66440,441422,B,5, ,100,,157,Granite Block
233,,21576,,QUARRY ST,N 02ND ST,N 03RD ST,66440,440912,FT,5, ,200,,158.01,Granite Block
234,,21577,,BREAD ST,ARCH ST,RACE ST,18720,440922,B,5, ,100,,24.02,Granite Block
235,,21583,,S PHILIP ST,DELANCEY ST,SPRUCE ST,64520,342304,B,5, ,300,,154,Granite Block
236,,21584,,DOCK ST,S CHRIS COLUMBUS BLV,WALNUT ST,28780,441711,B,3,FAM,100,,65.03,Granite Block
237,,21585,,DOCK ST,S CHRIS COLUMBUS BLV,WALNUT ST,28780,441712,FT,3, ,200,,65.05,Granite Block
238,,21589,,DOCK ST,S CHRIS COLUMBUS BLV,WALNUT ST,28780,441526,FT,3, ,200,,65.04,Granite Block
239,,21591,,S AMERICAN ST,SPRUCE ST,DELANCEY ST,12460,342303,B,5, ,300,,8,Granite Block
240,,21593,,BREAD ST,ARCH ST,RACE ST,18720,440924,B,5, ,100,,24.01,Granite Block
241,,21597,,CHURCH ST,N 02ND ST,N 03RD ST,23140,440421,B,4, ,200,,47.01,Granite Block
242,,21598,,N AMERICAN ST,CHURCH ST,CUTHBERT ST,12440,440420,B,5, ,0,,7.01,Granite Block
243,,21599,,FILBERT ST,N 02ND ST,N 03RD ST,34000,440409,B,5, ,200,,76.03,Granite Block
244,,21600,,FILBERT ST,N 02ND ST,N 03RD ST,34000,440404,B,5, ,200,,76.01,Blue Glazed Brick
245,,21601,,N AMERICAN ST,CHURCH ST,CUTHBERT ST,12440,441187,B,5, ,0,,7.02,Granite Block
246,,21622,,SANSOM ST,S 07TH ST,S 08TH ST,70940,440497,FT,4, ,700,,176,Red Brick
247,,21624,,S INDEPENDENCE ML E,CHESTNUT ST,WALNUT ST,44829,441176,TF,3,STATE,100,,216,Granite Block
248,,21686,,BONAPARTE CT,S 09TH ST,S HUTCHINSON ST,18185,441078,B,5, ,900,,20,Granite Block
249,,21687,,S HUTCHINSON ST,LOCUST ST,SPRUCE ST,44200,440648,B,5, ,200,,101.01,Granite Block
250,,21690,,S HUTCHINSON ST,LOCUST ST,SPRUCE ST,44200,440592,B,5, ,200,,101.04,Granite Block
251,,21697,,QUINCE ST,WALNUT ST,SPRUCE ST,66560,440630,FT,5, ,200,,159.02,Granite Block
252,,21709,,CHANCELLOR ST,S 12TH ST,S 13TH ST,22300,440517,B,5, ,1200,,39.02,Granite Block
253,,21720,,ST JAMES ST,S 12TH ST,S 13TH ST,74100,440531,B,5, ,1200,,173.02,Granite Block
254,,21723,,ST JAMES ST,S 12TH ST,S 13TH ST,74100,440525,B,5, ,1200,,173.01,Granite Block
255,,21726,,S CAMAC ST,WALNUT ST,LOCUST ST,21000,440511,B,5, ,200,,30.03,Wood Block
256,,21727,,S CAMAC ST,WALNUT ST,LOCUST ST,21000,440524,B,5, ,200,,30.02,Wood Block
257,,21728,,CHANCELLOR ST,S 12TH ST,S 13TH ST,22300,440512,B,5, ,1200,,39.01,Granite Block
258,,21782,,TRENTON AVE,E NORRIS ST,FRANKFORD AVE,77800,542488,B,4, ,2000,,197.04,Granite Block
259,,21783,,TRENTON AVE,E NORRIS ST,FRANKFORD AVE,77800,542551,B,4, ,2000,,197.03,Granite Block
260,,22122,,WALLACE ST,N 04TH ST,N 05TH ST,81040,441393,B,5, ,400,,200,Granite Block
261,,22187,,SPRING ST,N CLARION ST,N JUNIPER ST,73740,440876,B,5, ,1300,,320,Granite Block
262,,22214,,BREAD ST,ARCH ST,RACE ST,18720,440936,FT,5, ,100,,24.03,Granite Block
263,,22229,,N HUTCHINSON ST,CUTHBERT ST,ARCH ST,44180,441750,B,5, ,0,,100,Granite Block
264,,22232,,CUTHBERT ST,N 09TH ST,N 10TH ST,26520,441453,B,5, ,900,,55.01,Granite Block
265,,22281,,ELBOW LA,BANK ST,S 03RD ST,30960,441700,B,5, ,200,,68.01,Granite Block
266,,22282,,ELBOW LA,BANK ST,S 03RD ST,30960,441699,B,5, ,200,,68.02,Granite Block
267,,22289,,IONIC ST,S FRONT ST,S 02ND ST,45000,440528,B,5, ,100,,84,Granite Block
268,,22290,,CHESTNUT ST,S FRONT ST,S 02ND ST,22820,440506,TF,3,STATE,100,,45.01,Granite Block
269,,22291,,CHESTNUT ST,S FRONT ST,S 02ND ST,22820,440510,TF,3,STATE,100,,45.02,Granite Block
270,,22299,,THOMAS PAINE PL,DOCK ST,S 03RD ST,77135,441527,TF,5, ,200,,38,Granite Block
271,,22324,,S CAMAC ST,WALNUT ST,LOCUST ST,21000,440540,B,5, ,200,,30.01,Wood Block
272,,22346,,S WARNOCK ST,IRVING ST,SPRUCE ST,81460,440641,B,5, ,200,,201,Red Brick
273,,22352,,MANNING ST,S HUTCHINSON ST,S 10TH ST,53180,440628,B,5, ,900,,120,Granite Block
274,,22353,,S HUTCHINSON ST,LOCUST ST,SPRUCE ST,44200,441076,B,5, ,200,,101.02,Granite Block
275,,22354,,S HUTCHINSON ST,LOCUST ST,SPRUCE ST,44200,440615,B,5, ,200,,101.03,Granite Block
276,,22386,,S RANDOLPH ST,ST JAMES CT,DEAD END SOUTH,67380,440617,B,5, ,200,,160,Granite Block
277,,22402,,MATTIS ST,DOCK ST,SPRUCE ST,88555,441466,FT,5,FAM,200,,125,Granite Block
278,,22405,,S 02ND ST,SPRUCE ST,PINE ST,87840,441506,FT,3,FAM,300,,213.02,Granite Block
279,,22408,,SPRUCE ST,S CHRIS COLUMBUS BLV,MATTIS ST,73960,441768,TF,3,FAM,0,,186.02,Granite Block
280,,22409,,SPRUCE ST,S CHRIS COLUMBUS BLV,MATTIS ST,73960,441418,B,3,FAM,100,,186.01,Granite Block
281,,22411,,DOCK ST,S CHRIS COLUMBUS BLV,WALNUT ST,28780,441079,B,3,FAM,0,,65.01,Granite Block
282,,22418,,BLACK HORSE ALY,S FRONT ST,S 02ND ST,17760,440463,B,5, ,100,,15.01,Granite Block
283,,22419,,BLACK HORSE ALY,S FRONT ST,S 02ND ST,17760,440470,B,5, ,100,,15.02,Granite Block
284,,22427,,CHURCH ST,N FRONT ST,N 02ND ST,23140,440428,TF,4, ,100,,46,Granite Block
285,,22428,,CUTHBERT ST,N FRONT ST,N 02ND ST,26520,440400,B,5, ,100,,54.02,Granite Block
286,,22429,,CUTHBERT ST,N FRONT ST,N 02ND ST,26520,441576,TF,5, ,100,,54.01,Granite Block
287,,22430,,MASCHER ST,CUTHBERT ST,ARCH ST,54200,440399,B,5, ,0,,124,Blue Glazed Brick
288,,22439,,N FRONT ST,VINE ST,SPRING GARDEN ST,35200,441092,FT,5, ,300,,78.01,Granite Block
289,,22446,,NEW ST,N 03RD ST,N 04TH ST,59450,440919,B,5, ,300,,136,Granite Block
290,,22449,,WOOD ST,N 02ND ST,N 05TH ST,84320,440891,TF,5, ,200,,210.07,Granite Block
291,,22465,,N FRONT ST,VINE ST,SPRING GARDEN ST,35200,440700,B,5,FAM,500,,78.04,Granite Block
292,,22467,,N FRONT ST,ELLEN ST,GREEN ST,35200,440697,B,4,FAM,600,,79.01,Granite Block
293,,22493,,N ORIANNA ST,CHERRY ST,RACE ST,61580,440921,B,5, ,100,,142,Granite Block
294,,22518,,N HUTCHINSON ST,CHERRY ST,RACE ST,44180,441748,TF,5, ,100,,312,Granite Block
295,,22536,,S BODINE ST,MARKET ST,ELBOW LA,18120,441701,B,12,PRIVATE,0,,18,Blue Glazed Brick
296,,22545,,FILBERT ST,N 02ND ST,N 03RD ST,34000,440405,B,5, ,200,,76.02,Granite Block
297,,25902,,HEDGE ST,BRIDGE ST,BRILL ST,41540,761314,TF,5, ,5300,,95,Red Brick
298,,26700,,GERMANTOWN AVE,W ERIE AVE,W HUNTING PARK AVE,36660,620358,B,3,STATE,3800,,86.03,Granite Block
299,,26701,,GERMANTOWN AVE,W ERIE AVE,W HUNTING PARK AVE,36660,620363,B,3,STATE,3900,,86.04,Granite Block
300,,26702,,GERMANTOWN AVE,W ERIE AVE,W HUNTING PARK AVE,36660,620364,B,3,STATE,3900,,86.05,Granite Block
301,,26761,,WRIGHT ST,UMBRIA ST,SMICK ST,84760,600493,B,5, ,100,,211,Granite Block
302,,26762,,SMICK ST,HERMITAGE ST,FOUNTAIN ST,73120,600031,B,5, ,4700,,184.02,Granite Block
303,,26763,,SMICK ST,HERMITAGE ST,FOUNTAIN ST,73120,600032,B,5, ,0,,184.01,Granite Block
304,,26765,,SMICK ST,HERMITAGE ST,FOUNTAIN ST,73120,600030,B,5, ,4700,,184.03,Granite Block
305,,26822,,CRESSON ST,LEVERING ST,GREEN LA,25840,600316,B,4, ,4400,,52.08,Granite Block
306,,26823,,CARSON ST,CRESSON ST,BAKER ST,21640,600359,B,5, ,100,,36,Granite Block
307,,26825,,CRESSON ST,LEVERING ST,GREEN LA,25840,600318,B,4, ,4400,,52.06,Granite Block
308,,26827,,CRESSON ST,LEVERING ST,GREEN LA,25840,600317,B,4, ,4400,,52.07,Granite Block
309,,26833,,STATION ST,LEVERING ST,GAY ST,74500,600603,B,5, ,4400,,191,Red Brick
310,,26834,,CRESSON ST,LEVERING ST,GREEN LA,25840,600319,B,4, ,4400,,52.05,Granite Block
311,,26835,,CRESSON ST,LEVERING ST,GREEN LA,25840,600506,B,4, ,4300,,52.04,Granite Block
312,,26862,,GATES ST,UMBRIA ST,DEAD END WEST,36380,600297,B,5, ,100,,82,Red Brick
313,,26923,,GERMANTOWN AVE,WINDRIM AVE,E BRINGHURST ST,36660,621251,B,3,STATE,4600,,87.04,Granite Block
314,,26925,,GERMANTOWN AVE,WINDRIM AVE,E BRINGHURST ST,36660,620689,B,3,STATE,4500,,87.02,Granite Block
315,,26927,,GERMANTOWN AVE,WINDRIM AVE,E BRINGHURST ST,36660,620688,B,3,STATE,4600,,87.03,Granite Block
316,,26930,,GERMANTOWN AVE,WINDRIM AVE,E BRINGHURST ST,36660,620687,B,3,STATE,4700,,87.05,Granite Block
317,,26939,,W SYLVANIA ST,GREENE ST,WAYNE AVE,75980,620741,B,5, ,100,,193,Yellow Brick
318,,26941,,W ABBOTTSFORD AVE,GREENE ST,WAYNE AVE,11080,620740,B,4, ,100,,1,Red Brick
319,,26972,,GERMANTOWN AVE,WINDRIM AVE,E BRINGHURST ST,36660,620686,B,3,STATE,4800,,87.06,Granite Block
320,,27057,,GERMANTOWN AVE,WINDRIM AVE,E BRINGHURST ST,36660,620690,B,3,STATE,4400,,87.01,Granite Block
321,,27277,,GERMANTOWN AVE,WINDRIM AVE,E BRINGHURST ST,36660,620682,B,3,STATE,5000,,87.13,Granite Block
322,,27278,,GERMANTOWN AVE,WINDRIM AVE,E BRINGHURST ST,36660,720546,B,3,STATE,5100,,87.14,Granite Block
323,,27279,,GERMANTOWN AVE,WINDRIM AVE,E BRINGHURST ST,36660,720550,B,3,STATE,5100,,87.16,Granite Block
324,,27280,,GERMANTOWN AVE,WINDRIM AVE,E BRINGHURST ST,36660,720549,B,3,STATE,5100,,87.15,Granite Block
325,,27283,,GERMANTOWN AVE,WINDRIM AVE,E BRINGHURST ST,36660,620684,B,3,STATE,5000,,87.11,Granite Block
326,,27284,,GERMANTOWN AVE,WINDRIM AVE,E BRINGHURST ST,36660,620685,B,3,STATE,4900,,87.1,Granite Block
327,,27285,,GERMANTOWN AVE,WINDRIM AVE,E BRINGHURST ST,36660,620683,B,3,STATE,5000,,87.12,Granite Block
328,,27355,,LAURENS ST,HANSBERRY ST,W QUEEN LA,49400,620940,B,5, ,5200,,107.01,Yellow Brick
329,,27358,,LAURENS ST,HANSBERRY ST,W QUEEN LA,49400,620938,B,5, ,5200,,107.02,Yellow Brick
330,,27359,,LAURENS ST,W QUEEN LA,W COULTER ST,49400,620936,B,5, ,5300,,108,Yellow Brick
331,,27366,,MC KEAN AVE,HANSBERRY ST,W QUEEN LA,54780,620933,B,5, ,5200,,126.02,Red Brick
332,,27367,,W BRINGHURST ST,MC KEAN AVE,LAURENS ST,19020,620937,B,5, ,400,,26,Red Brick
333,,27370,,MC KEAN AVE,HANSBERRY ST,W QUEEN LA,54780,620934,B,5, ,5200,,126.01,Red Brick
334,,27373,,ZERALDA ST,PULASKI AVE,APSLEY ST,86320,620812,TF,5, ,300,,212,Red Brick
335,,27452,,W STAFFORD ST,MORRIS ST,WISSAHICKON AVE,74260,620904,FT,5, ,400,,187,Red Brick
336,,27465,,WINONA ST,PULASKI AVE,MORRIS ST,83860,620942,B,5, ,300,,207,Yellow Brick
337,,27716,,SHELDON ST,HERMITAGE ST,FOUNTAIN ST,72470,600095,FT,5, ,4700,,318,Red Brick
338,,27774,,MAIDEN ST,MANSION ST,SILVERWOOD ST,52980,600599,B,5, ,100,,118,Red Brick
339,,27775,,MANSION ST,LEVERING ST,GAY ST,53240,600602,B,5, ,4400,,121.01,Red Brick
340,,27776,,MANSION ST,LEVERING ST,GAY ST,53240,600600,B,5, ,4400,,121.02,Red Brick
341,,27778,,CRESSON ST,ROXBOROUGH AVE,LEVERING ST,25840,600507,B,4, ,4300,,52.03,Granite Block
342,,27784,,CRESSON ST,ROXBOROUGH AVE,LEVERING ST,25840,600504,B,4, ,4300,,52.01,Granite Block
343,,27786,,CRESSON ST,ROXBOROUGH AVE,LEVERING ST,25840,600553,B,4, ,4300,,52.02,Granite Block
344,,27788,,STATION ST,ROXBOROUGH AVE,COTTON ST,74500,600315,TF,5, ,4300,,190,Granite Block
345,,27793,,RECTOR ST,MAIN ST,STATION ST,67620,600571,TF,5, ,100,,162,Granite Block
346,,27794,,STATION ST,PENSDALE ST,RECTOR ST,74500,600382,FT,5, ,4200,,189,Granite Block
347,,27831,,LOFTY ST,BOONE ST,TERRACE ST,51420,600334,TF,5, ,200,,116,Red Brick (Molded)
348,,27917,,GERMANTOWN AVE,E BRINGHURST ST,CHURCH LN,36660,720544,B,3,STATE,5200,,88.01,Granite Block
349,,27918,,GERMANTOWN AVE,WINDRIM AVE,E BRINGHURST ST,36660,720545,B,3,STATE,5100,,87.17,Granite Block
350,,27919,,GERMANTOWN AVE,E BRINGHURST ST,CHURCH LN,36660,720044,B,3,STATE,5300,,88.02,Granite Block
351,,27948,,SKIDOO ST,STANTON ST,CALUMET ST,73035,621506,TF,5, ,3400,,183,Granite Block
352,,27950,,W COULTER ST,WARDEN DR,VAUX ST,25340,621123,B,4, ,3400,,50,Red Brick
353,,27981,,DUPONT ST,FLEMING ST,PECHIN ST,29580,600158,B,5, ,300,,66,Orange Brick
354,,27982,,PECHIN ST,GREEN LA,LEVERINGTON AVE,63620,600543,TF,4, ,4500,,152,Red Brick (Molded)
355,,28010,,MANAYUNK AVE,FOUNTAIN ST,GATES ST,53120,600073,B,5, ,4700,,119.02,Red Brick (Molded)
356,,28019,,SILVERWOOD ST,FOUNTAIN ST,DELMAR ST,72880,600086,B,5, ,4800,,182,Red Brick (Molded)
357,,28071,,GATES ST,SILVERWOOD ST,PECHIN ST,36380,600077,B,5, ,300,,83,Yellow Brick
358,,28108,,SMICK ST,FOUNTAIN ST,DEAD END NORTH,73120,600586,B,5, ,4800,,185,Red Brick
359,,28209,,GERMANTOWN AVE,WINDRIM AVE,E BRINGHURST ST,36660,620691,B,3,STATE,4800,,87.07,Granite Block
360,,28211,,GERMANTOWN AVE,WINDRIM AVE,E BRINGHURST ST,36660,621301,B,3,STATE,4900,,87.09,Granite Block
361,,28221,,GERMANTOWN AVE,E BRINGHURST ST,CHURCH LN,36660,720548,B,3,STATE,5300,,88.03,Granite Block
362,,28222,,GERMANTOWN AVE,E BRINGHURST ST,CHURCH LN,36660,720529,B,3,STATE,5300,,88.04,Granite Block
363,,28247,,GERMANTOWN AVE,W ERIE AVE,W HUNTING PARK AVE,36660,620354,B,3,STATE,3900,,86.06,Granite Block
364,,28249,,GERMANTOWN AVE,W ERIE AVE,W HUNTING PARK AVE,36660,620349,B,3,STATE,4000,,86.07,Granite Block
365,,28302,,GERMANTOWN AVE,WINDRIM AVE,E BRINGHURST ST,36660,621780,B,3,STATE,4900,,87.08,Granite Block
366,,29339,,ALLENGROVE ST,HORROCKS ST,OAKLAND ST,12120,760032,FT,5, ,1200,,5,Red Brick
367,,30127,,OLD YORK RD,WINDRIM AVE,W DUNCANNON AVE,61300,740072,B,4, ,5100,,141.02,Granite Block
368,,30135,,N MARVINE ST,WAGNER AVE,W SOMERVILLE AVE,54140,741186,TF,5, ,5300,,123,Red Brick
369,,30145,,OLD YORK RD,WINDRIM AVE,W DUNCANNON AVE,61300,741213,B,4, ,5000,,141.01,Granite Block
370,,30146,,OLD YORK RD,WINDRIM AVE,W DUNCANNON AVE,61300,741209,B,4, ,5100,,141.03,Granite Block
371,,30157,,N CAMAC ST,W FISHER AVE,W SOMERVILLE AVE,20980,741245,FT,5, ,5300,,28,Red Brick
372,,30906,,S 40TH ST,MARKET ST,SPRUCE ST,88590,420960,FT,4,FAM,100,,219.04,Granite Block
373,,30908,,S 40TH ST,MARKET ST,SPRUCE ST,88590,420992,FT,4,FAM,200,,219.03,Granite Block
374,,30938,,S 40TH ST,MARKET ST,SPRUCE ST,88590,420884,FT,4,FAM,0,,219.07,Granite Block
375,,32997,,S 40TH ST,MARKET ST,SPRUCE ST,88590,420916,FT,4,FAM,0,,219.06,Granite Block
376,,32998,,S 40TH ST,MARKET ST,SPRUCE ST,88590,420942,FT,4,FAM,100,,219.05,Granite Block
377,,33348,,GERMANTOWN AVE,W ERIE AVE,W HUNTING PARK AVE,36660,620359,B,3,STATE,3800,,86.02,Granite Block
378,,33352,,GERMANTOWN AVE,W ERIE AVE,W HUNTING PARK AVE,36660,641238,B,3,STATE,3700,,86.01,Granite Block
379,,33413,,E ERIE AVE,D ST,KENSINGTON AVE,31980,641460,B,3,STATE,500,,70.01,Red Brick
380,,33445,,SAINT MARKS ST,BALTIMORE AVE,CITY BOUNDARY,74160,322871,B,5, ,500,,316,Granite Block
381,,33835,,N 05TH ST,VINE ST,CALLOWHILL ST,87890,441917,FT,3,DRPA,0,,215.01,Granite Block (White)
382,,33842,,N 05TH ST,VINE ST,CALLOWHILL ST,87890,441918,TF,3,DRPA,0,,215.02,Granite Block (White)
383,,33844,,WOOD ST,N 02ND ST,N 05TH ST,84320,440887,TF,5, ,400,,210.01,Granite Block
384,,33849,,N MARGINAL RD,N 04TH ST,N 05TH ST,53470,440354,TF,5,DRPA,400,,122.02,Granite Block
385,,33850,,N MARGINAL RD,N 04TH ST,N 05TH ST,53470,441499,TF,5,DRPA,400,,122.01,Granite Block
386,,33864,,LEHMAN LA,W PRICE ST,WISSAHICKON AVE,50020,621732,B,5,PRIVATE,0,,110,Orange Brick
387,,33898,,STAMPERS ST,S 02ND ST,S 03RD ST,74300,342195,B,5, ,200,,188.001,Granite Block
388,,33899,,STAMPERS ST,S 02ND ST,S 03RD ST,74300,342402,B,5, ,200,,188.002,Granite Block
389,,33933,,ST JAMES ST,05TH ST,06TH ST,74100,440578,TF,5, ,500,,172.01,Granite Block
390,,33934,,ST JAMES ST,05TH ST,06TH ST,74100,440582,TF,5, ,500,,172.022,Granite Block
391,,33935,,ST JAMES ST,05TH ST,06TH ST,74100,441927,TF,5, ,500,,172.021,Granite Block
392,,33971,,ADDISON ST,S 05TH ST,S 06TH ST,11320,342409,B,5, ,500,,2.01,Granite Block
393,,33972,,ADDISON ST,S 05TH ST,S 06TH ST,11325,342408,B,5, ,500,,2.02,Granite Block
394,,33973,,FLORIST ST,N 04TH ST,N 05TH ST,34540,441934,B,12,DRPA,400,,77,Granite Block
395,,33981,,ADDISON ST,S VAN PELT ST,S 22ND ST,11320,323419,B,12,PRIVATE,2100,,4,Granite Block
396,,34005,,WOOD ST,N 02ND ST,N 05TH ST,84320,440901,TF,5, ,400,,210.02,Granite Block
397,,34060,,N BODINE ST,VINE ST,CALLOWHILL ST,18100,441946,B,12,PRIVATE,300,,16,Granite Block
398,,34062,,WOOD ST,N 02ND ST,N 05TH ST,84320,441950,TF,5, ,200,,210.06,Granite Block
399,,34064,,WOOD ST,N 02ND ST,N 05TH ST,84320,441949,TF,5, ,200,,210.05,Granite Block
400,,34124,,DELANCEY ST,S 03RD ST,S 04TH ST,27980,342426,FT,5, ,300,,63.02,Granite Block
401,,34125,,DELANCEY ST,S 03RD ST,S 04TH ST,27980,342427,FT,5, ,300,,63.01,Granite Block
402,,34173,,S CAMAC ST,LUDLOW ST,CLOVER ST,21000,441970,B,5, ,0,,29,Granite Block
403,,34417,,CANTON ST,LEVERINGTON AVE,WRIGHT ST,21180,600523,B,5, ,4600,,32,Granite Block
404,,34440,,N JESSUP ST,W STILES ST,W THOMPSON ST,46120,442008,B,5, ,1200,,313,Granite Block
405,,34884,,S LEITHGOW ST,LOCUST ST,DEAD END NORTH,50120,441650,B,5, ,0,,112,Red Brick
406,,35054,,CHANG ST,POPLAR ST,CITY BOUNDARY,22340,420156,B,5, ,900,,305,Red Brick
407,,35159,,S WATER ST,CHRISTIAN ST,WASHINGTON AVE,81700,342492,B,5, ,900,,204,Granite Block
408,,35302,,S 40TH ST,MARKET ST,SPRUCE ST,88590,423220,FT,4,FAM,200,,219.02,Granite Block
409,,35303,,S 40TH ST,MARKET ST,SPRUCE ST,88590,423221,FT,4,FAM,200,,219.01,Granite Block
410,,35388,,S 49TH ST,GRAYS AVE,BOTANIC AVE,88770,323480,B,5, ,1600,,221.02,Granite Block
411,,35391,,S 49TH ST,GRAYS AVE,BOTANIC AVE,88770,323482,B,5, ,1700,,221.01,Granite Block
412,,35446,,S BONSALL ST,IONIC ST,WALNUT ST,18280,423238,B,5, ,100,,21,Blue Glazed Brick
413,,35852,,HERMITAGE ST,UMBRIA ST,SMICK ST,42180,600033,B,5, ,100,,96,Granite Block
414,,36002,,PANAMA ST,S 18TH ST,S 19TH ST,62880,320711,B,5, ,1800,,148,Granite Block
415,,36062,,E WENSLEY ST,RICHMOND ST,CITY BOUNDARY,82340,543708,B,5, ,2800,,321,Granite Block
416,,36108,,S REESE ST,LOMBARD ST,SOUTH ST,67840,340312,B,5, ,500,,165.01,Granite Block
417,,36109,,S REESE ST,LOMBARD ST,SOUTH ST,67840,342146,B,5, ,500,,165.02,Granite Block
418,,36147,,MONTGOMERY AVE,N 29TH ST,W SEDGLEY AVE,56760,521372,B,4, ,2900,,131.02,Red Brick
419,,36214,,GERMANTOWN AVE,ALLENS LANE,REX AVE,36660,800134,B,3,STATE,8400,,90.18,Granite Block
420,,36216,,GERMANTOWN AVE,ALLENS LANE,REX AVE,36660,800121,B,3,STATE,8600,,90.2,Granite Block
421,,36218,,GERMANTOWN AVE,ALLENS LANE,REX AVE,36660,800128,B,3,STATE,8500,,90.19,Granite Block
422,,36313,,DOCK ST,S CHRIS COLUMBUS BLV,WALNUT ST,28780,440653,B,3,FAM,0,,65.02,Granite Block
423,,36376,,RENO ST,N 05TH ST,LAWRENCE ST,68000,440274,B,5, ,400,,167.02,Granite Block
424,,36378,,RENO ST,N 05TH ST,LAWRENCE ST,68000,440272,B,5, ,400,,167.01,Granite Block
425,,36383,,MYRTLE ST,N LAWRENCE ST,N 05TH ST,57700,441020,B,5, ,400,,134.01,Blue Glazed Brick
426,,36384,,N ORKNEY ST,MYRTLE ST,DEAD END SOUTH,61660,441261,B,5, ,800,,145.02,Granite Block
427,,36385,,MYRTLE ST,N LAWRENCE ST,N 05TH ST,57700,441021,B,5, ,400,,134.02,Granite Block
428,,36387,,N ORKNEY ST,MYRTLE ST,DEAD END SOUTH,61660,441263,B,5, ,800,,145.01,Granite Block
429,,36388,,RENO ST,LAWRENCE ST,LEITHGOW ST,68000,440276,B,5, ,400,,167.03,Granite Block
430,,36389,,N LEITHGOW ST,PARRISH ST,DEAD END SOUTH,50100,441396,B,5, ,800,,111.01,Granite Block
431,,36395,,LAWRENCE CT,CYPRESS ST,PINE ST,49655,342420,FT,5, ,300,,109.01,Granite Block
432,,36396,,LAWRENCE CT,CYPRESS ST,PINE ST,49655,342421,FT,5, ,300,,109.02,Granite Block
433,,36421,,WILLINGS ALY,S 03RD ST,S 04TH ST,83380,442119,B,5, ,300,,206.002,Granite Block
434,,36422,,WILLINGS ALY,S 03RD ST,S 04TH ST,83380,442120,B,5, ,300,,206.001,Granite Block
435,,36619,,SHAMOKIN ST,RIDGE AVE,N 11TH ST,72140,442132,FT,12, ,1000,,317,Red Brick
436,,36655,,HERMITAGE ST,SMICK ST,SILVERWOOD ST,42180,600687,B,5, ,200,,97.02,Granite Block
437,,36656,,HERMITAGE ST,SMICK ST,SILVERWOOD ST,42180,600686,B,5, ,200,,97.01,Granite Block
438,,36853,,NAUDAIN ST,S FRONT ST,OLD SECOND ST,59060,342552,B,5, ,100,,135.002,Granite Block
439,,36854,,NAUDAIN ST,S FRONT ST,OLD SECOND ST,59060,342553,B,5, ,100,,135.001,Granite Block
440,,37014,,S 02ND ST,PINE ST,LOMBARD ST,87840,340259,FT,3,FAM,0,,214.02,Granite Block
441,,37018,,S 02ND ST,PINE ST,LOMBARD ST,87840,342194,TF,3,FAM,400,,214.03,Granite Block
442,,37020,,S 02ND ST,PINE ST,LOMBARD ST,87840,340260,FT,3,FAM,0,,214.01,Granite Block
443,,37060,,N FRONT ST,ELLEN ST,GREEN ST,35200,441025,B,4,FAM,700,,79.02,Granite Block
444,,37061,,N FRONT ST,ELLEN ST,GREEN ST,35200,441024,B,4,FAM,700,,79.03,Granite Block
445,,37064,,SALTER ST,S 02ND ST,MASCHER ST,70800,342413,B,5,PRIVATE,100,,175,Granite Block
446,,37133,,QUINCE ST,WALNUT ST,SPRUCE ST,66560,440567,FT,5, ,200,,159.04,Granite Block
447,,37135,,S JESSUP ST,LOCUST ST,DEAD END SOUTH,46140,440568,B,5, ,200,,104.03,Red Brick
448,,37158,,RODMAN ST,S 15TH ST,DEAD END EAST OF LAWRENCE,69080,323417,B,5, ,1400,,169,Granite Block
449,,37231,,RECTOR ST,MAIN ST,DEAD END WEST,67620,600386,B,5, ,0,,161,Granite Block
450,,37234,,PORT ROYAL AVE,NIXON ST,EVA ST,65340,700591,B,5, ,100,,156,Granite Block
451,,37241,,S CLIFTON ST,BAINBRIDGE ST,CATHARINE ST,23860,342056,B,5,PRIVATE,700,,48.03,Granite Block
452,,37635,,S FAIRHILL ST,BAINBRIDGE ST,FITZWATER ST,33260,342563,B,5, ,700,,74.01,Granite Block
453,,37830,,MINTZER ST,CITY BOUNDARY,BROWN ST,56420,441408,B,5, ,700,,314,Granite Block
454,,37831,,BREAD ST,NEW ST,DEAD END SOUTH,18720,441186,B,5, ,200,,25,Blue Glazed Brick
455,,37858,,S AMERICAN ST,CARPENTER ST,WASHINGTON AVE,12460,342054,B,5,PRIVATE,1000,,10,Orange Brick
456,,37890,,S HOLLY ST,CHESTER AVE,DEAD END NORTH,43160,322819,B,5, ,500,,99,Red Brick
457,,37893,,RING ST,MAIN ST,DEAD END NORTH,68420,600669,B,5, ,100,,168,Granite Block
458,,37920,,PEARL ST,CITY BOUNDARY,N 15TH ST,63560,422198,B,5, ,1400,,315,Granite Block
459,,37986,,N LEITHGOW ST,PARRISH ST,DEAD END SOUTH,50100,441124,B,5, ,800,,111.02,Granite Block
460,,38225,,WOOD ST,N 02ND ST,N 05TH ST,84320,440888,TF,5, ,300,,210.03,Granite Block
461,,38226,,N ORIANNA ST,VINE ST,WOOD ST,61580,441757,FT,5, ,300,,143,Granite Block
462,,38285,,CRESSON ST,ROXBOROUGH AVE,LEVERING ST,25840,600581,B,4, ,4300,,51,Granite Block
463,,38363,,S REESE ST,DEAD END NORTH,QUEEN ST,67840,342583,B,5, ,700,,166,Granite Block
464,,38587,,BENJAMIN FRANKLIN BRG ACCESS RD,N 04TH ST,DEAD END EAST,1015,442197,B,12,DRPA,0,,14.03,Granite Block
465,,38590,,BENJAMIN FRANKLIN BRG ACCESS RD,N 04TH ST,DEAD END EAST,1015,442196,B,12,DRPA,0,,14.02,Granite Block
466,,38593,,BENJAMIN FRANKLIN BRG ACCESS RD,N 04TH ST,DEAD END EAST,1015,442195,B,12,DRPA,0,,14.01,Granite Block
467,,38596,,CHANCELLOR ST,S 21ST ST,DEAD END WEST,22300,423423,B,5,PRIVATE,2100,,40.02,Granite Block
468,,38597,,CHURCH ST,N AMERICAN ST,N 02ND ST,23140,442201,B,12,PRIVATE,200,,47.02,Granite Block
469,,38598,,S JESSUP ST,LOCUST ST,DEAD END SOUTH,46140,440609,B,5, ,200,,104.01,Red Brick
470,,38599,,S JESSUP ST,LOCUST ST,DEAD END SOUTH,46140,440588,B,5, ,200,,104.02,Red Brick
471,,38600,,QUINCE ST,WALNUT ST,SPRUCE ST,66560,440602,FT,5, ,200,,159.01,Granite Block
472,,38601,,QUINCE ST,WALNUT ST,SPRUCE ST,66560,440586,FT,5, ,200,,159.03,Granite Block
473,,38602,,IRVING ST,QUINCE ST,S JESSUP ST,45060,441196,B,5, ,1100,,103.01,Granite Block
474,,38603,,IRVING ST,QUINCE ST,S JESSUP ST,45060,442203,B,12,PRIVATE,1200,,103.02,Granite Block
475,,38608,,LELAND ST,WYLIE ST,DEAD END WEST,50140,423428,B,12,PHA,800,,113.11,Granite Block
476,,38609,,LELAND ST,WYLIE ST,DEAD END WEST,50140,423429,B,12,PHA,800,,113.12,Granite Block
477,,38610,,LITTLE BOYS CT,ARCH ST,CUTHBERT ST,51180,441935,B,12,PRIVATE,0,,115,Granite Block
478,,38613,,WOOD ST,N 02ND ST,N 05TH ST,84320,442208,TF,5, ,300,,210.042,Granite Block
479,,38614,,WOOD ST,N 02ND ST,N 05TH ST,84320,442207,TF,5, ,300,,210.041,Granite Block
480,,38617,,SAINT CHARLES PL,VINE ST,WOOD ST,1350,442211,FT,5,PRIVATE,300,,170,Granite Block
481,,38621,,WISTER ALY,N 03RD ST,DEAD END WEST,3285,442216,B,6,PRIVATE,300,,209,Granite Block
482,,38623,,SHAWMONT AVE,N SCHUYLKILL RIVER TRL,SHAWMONT AVE,72300,700602,B,5, ,0,,179,Granite Block
483,,38628,,SAINT JAMES WALK,DEAD END EAST,DEAD END WEST,1355,442219,B,12,PRIVATE,200,,171,Cobblestone
484,,38682,,FULTON ST,S 06TH ST,DEAD END WEST,35340,342585,B,5, ,600,,81.02,Red Brick
485,,39226,,GERMANTOWN AVE,ALLENS LANE,REX AVE,36660,820909,B,3,STATE,7500,,90.03,Granite Block
486,,39631,,N CARLISLE ST,LINDLEY AVE,W SOMERVILLE AVE,21400,721965,B,5, ,5300,,33.03,Red Brick
487,,39960,,ERRINGER PL,W CLAPIER ST,MANHEIM ST,32080,621679,B,5, ,5000,,72,Red Brick
